Mountain,Metres,Feet,Range,Location
Mount Everest,8848,29029,Himalayas,Nepal
K2,8612,28255,Karakoram,Pakistan
Kangchenjunga,8586,28169,Himalayas,Nepal
Lhotse,8516,27940,Himalayas,Nepal
Makalu,8485,27838,Himalayas,Nepal
Cho Oyu,8188,26864,Himalayas,Nepal
Dhaulagiri,8167,26795,Himalayas,Nepal
Manaslu,8163,26781,Himalayas,Nepal
Nanga Parbat,8126,26660,Himalayas,Pakistan
Annapurna,8091,26545,Himalayas,Nepal
Gasherbrum I,8080,26509,Karakoram,Pakistan
Broad Peak,8051,26414,Karakoram,Pakistan
Gasherbrum II,8035,26362,Karakoram,Pakistan
Shishapangma,8027,26335,Himalayas,China
Gasherbrum III,7952,26089,Karakoram,Pakistan
Gyachung Kang,7952,26089,Himalayas,Nepal
Annapurna II,7937,26040,Himalayas,Nepal
Gasherbrum IV,7932,26024,Karakoram,Pakistan
Himalchuli,7893,25896,Himalayas,Manaslu  Nepal
Distaghil Sar,7885,25869,Karakoram,Pakistan
Ngadi Chuli,7871,25823,Himalayas,Manaslu  Nepal
Nuptse,7861,25791,Himalayas,Everest Massif  Nepal
Khunyang Chhish,7852,25761,Karakoram,Pakistan
Masherbrum,7821,25659,Karakoram,Pakistan
Nanda Devi,7816,25643,Himalayas,India 
Chomo Lonzo,7804,25604,Himalayas,Makalu Massiff  Nepal
Batura Sar,7795,25574,Karakoram,Pakistan
Kanjut Sar,7790,25558,Karakoram,Pakistan
Rakaposhi,7788,25551,Karakoram,Pakistan
Namcha Barwa,7782,25531,Himalayas,China
Batura II,7762,25466,Karakoram,Pakistan
Kamet,7756,25446,Himalayas,India 
Saltoro Kangri,7742,25400,Karakoram,India 
Batura III,7729,25358,Karakoram,Pakistan
Jannu,7710,25295,Himalayas,Kangchenjunga  Nepal
Tirich Mir,7708,25289,Hindu Kush,Pakistan
Molamenqing,7703,25272,Himalayas,Shishapangma
Gurla Mandhata,7694,25243,Himalayas (Nalakankar),China
Saser Kangri,7672,25171,Karakoram,Pakistan 
Chogolisa,7665,25148,Karakoram,Pakistan
Kongur Tagh,7649,25095,Pamir or Kunlun Mountains,China
Shispare,7611,24970,Karakoram,Pakistan
Silberzacken,7597,24925,Himalaya,Pakistan
Changtse,7583,24879,Himalayas,Everest Massif  China
Trivor,7577,24859,Karakoram,Karakoram
Gangkhar Puensum,7570,24836,Himalayas,Bhutan
Gongga Shan,7556,24790,Daxue Shan,Sichuan  China
Annapurna III,7555,24787,Himalayas,Nepal
Kula Kangri,7554,24783,Himalayas,China 
Skyang Kangri,7545,24754,Karakoram,Pakistan
Liankang Kangri,7535,24721,Himalayas,Bhutan
Yukshin Gardan Sar,7530,24705,Karakoram,Pakistan
Annapurna IV,7525,24688,Himalayas,Nepal
Saser Kangri II,7518,24665,Karakoram,India 
Mamostong Kangri,7516,24659,Karakoram,India 
Muztagh Ata,7509,24636,Kongur Tagh,China 
Ismoil Somoni Peak,7495,24590,Pamir Mountains,Tajikistan
Saser Kangri III,7495,24590,Karakoram,India 
Noshaq,7492,24580,Hindu Kush,Pakistan
Pumari Chhish,7492,24580,Karakoram,Pakistan
Passu Sar,7476,24528,Karakoram,Pakistan
Jongsong Peak,7462,24482,Himalayas,India
Malubiting,7458,24469,Karakoram,Pakistan
Gangapurna,7455,24459,Annapurna Himalaya,Nepal
Muchu Chhish (Batura V),7453,24452,Karakoram,Pakistan
Jengish Chokusu,7439,24406,Tian Shan,China
K12,7428,24370,Karakoram,India
Sia Kangri,7422,24350,Karakoram,Pakistan
Momhil Sar,7414,24324,Karakoram,Pakistan
Istor-o-Nal,7403,24288,Hindu Kush,Pakistan
Ghent Kangri,7401,24281,Karakoram,India 
Haramosh Peak,7397,24268,Karakoram,Pakistan
Kabru,7394,24259,Himalayas,Kanchenjunga  India 
Ultar,7388,24239,Karakoram,Pakistan
Rimo I,7385,24229,Karakoram,India 
Sherpi Kangri,7380,24213,Karakoram,Pakistan
Churen Himal,7371,24183,Himalayas,Nepal
Labuche Kang,7367,24170,Himalayas,near
Kirat Chuli,7365,24163,Himalayas,Nepal
Skil Brum,7360,24147,Karakoram,Pakistan
Abi Gamin,7355,24131,Himalayas,India
Gimmigela Chuli,7350,24114,Himalayas,Nepal
Saraghrar,7340,24081,Hindu Kush,Pakistan
Bojohagur Duanasir,7329,24045,Karakoram,Pakistan
Chamlang,7319,24012,Himalayas,Khumbu  Nepal
Chongtar Kangri,7315,23999,Karakoram,Pakistan
Jomolhari,7314,23996,Himalayas,Bhutan
Baltoro Kangri,7312,23990,Karakoram,Pakistan
Siguang Ri,7308,23976,Himalayas,China
Summa Ri,7302,23957,Himalayas,Pakistan
The Crown,7295,23934,Karakoram,China 
Gyala Peri,7294,23930,Himalayas,China
Porong Ri,7292,23924,Himalayas,China
Baintha Brakk,7285,23901,Karakoram,Pakistan
Yutmaru Sar,7283,23894,Karakoram,Pakistan
K6,7282,23891,Karakoram,Pakistan
Kangpenqing,7281,23888,Himalayas,China
Mana Peak,7272,23858,Himalayas,India 
Muztagh Tower,7273,23862,Karakoram,Pakistan
Diran,7257,23809,Karakoram,Pakistan
Apsarasas Kangri,7245,23770,Karakoram,China
Langtang Lirung,7227,23711,Himalayas,Nepal
Karjiang,7221,23691,Himalayas,China
Annapurna South,7219,23684,Himalayas,Nepal
Khartaphu,7213,23665,Himalayas,China
Tongshanjiabu,7207,23645,Himalayas,Bhutan
Langtang Ri,7205,23638,Himalayas,Nepal
Kangphu Kang,7204,23635,Himalayas,Bhutan
Singhi Kangri,7202,23629,Himalayas,India
Lupghar Sar,7200,23622,Karakoram,Pakistan
Gurja Himal,7193,23599,Himalayas,Nepal
Melungtse,7181,23560,Rolwaling,China
Liushi Shan,7167,23514,Kunlun,China
Baruntse,7162,23497,Himalayas,Khumbu  Nepal
Pumori,7161,23494,Himalayas,Khumbu  Nepal
Hardeol,7151,23461,Himalayas,India 
Gasherbrum V,7147,23448,Karakoram,Pakistan
Latok I,7145,23442,Karakoram,Pakistan
Kampire Dior,7143,23435,Karakoram,Pakistan
Nemjung,7140,23425,Himalayas,Nepal
Udren Zom,7140,23425,Hindu Kush,Pakistan
Chaukhamba,7138,23419,Himalayas,India 
Nun Kun,7135,23409,Karakoram,India
Tilicho Peak,7134,23406,Himalayas,Annapurna Himal  Nepal
Gauri Sankar,7134,23406,Rolwaling,Nepal
Lenin Peak,7134,23406,Pamir Mountains,Tajikistan-Kyrgyzstan
Bularung Sar,7134,23406,Karakoram,Pakistan
Api,7132,23399,Himalayas,Nepal
Teri Kang,7124,23373,Himalayas,Bhutan
Pauhunri,7128,23386,Himalayas,India 
Trisul,7120,23360,Himalayas,India 
Korzhenevskaya,7105,23310,Pamir Mountains,Tajikistan
Lunpo Gangri,7095,23278,Himalayas (Gangdise),China
Satopanth,7075,23212,Himalayas,India 
Tirsuli,7074,23209,Himalayas,India 
Dunagiri,7066,23182,Himalayas,India 
Kangto,7060,23163,Himalayas,India 
Nyegyi Kansang,7047,23120,Himalayas,India 
Chomolhari Kang,7046,23117,Himalayas,Bhutan
Salasungo,7043,23107,Himalayas,Nepal
Link Sar,7041,23100,Karakoram,Pakistan
Kezhen Peak,7038,23091,Karakoram,China 
Shah Dhar,7038,23091,Hindu Kush,Pakistan
Saipal,7031,23068,Himalayas,Nepal
Padmanabh,7030,23064,Himalayas,India
Spantik,7027,23054,Karakoram,Pakistan
Pamri Sar,7016,23018,Karakoram,Pakistan
Khan Tengri,7010,22999,Tian Shan,Kyrgyzstan-Kazakhstan-China
Machapuchare,6993,22943,Annapurna Himalaya ,Annapurna Himalaya 
Laila Peak (Haramosh Valley),6985,22917,Karakoram ,Karakoram  Pakistan
Kang Guru,6981,22904,Manaslu Himalaya ,Manaslu Himalaya  Nepal
Gasherbrum VI,6979,22897,Karakoram ,Karakoram 
Karun Kuh,6977,22890,Karakoram ,Karakoram 
Avicenna Peak,6974,22881,Pamir Mountains ,Pamir Mountains 
Ulugh Muztagh,6973,22877,Kunlun Mountains ,Kunlun Mountains  Often misquoted as 7 723
Aconcagua,6962,22841,Andes ,Andes  Argentina
Napko Kangri,6956,22822,Karakoram ,Karakoram 
Sangemarmar Sar,6949,22799,Karakoram ,Karakoram  Pakistan
Kedarnath (mountain),6940,22769,Himalayas ,Himalayas  India
K7,6934,22749,Karakoram,Karakoram
Panchchuli,6904,22651,Himalayas ,Himalayas  India
Thalay Sagar,6904,22651,Himalayas ,Himalayas  India
Lunkho e Dosare,6901,22641,Hindu Kush ,Hindu Kush  Afghanistan-Pakistan
Lunag Ri,6895,22621,Himalaya ,Himalaya  Nepal-China
Ojos del Salado,6891,22608,Andes ,Andes  Argentina-Chile
Siniolchu,6888,22598,Kangchenjunga Himalaya ,Kangchenjunga Himalaya 
Kanjiroba,6883,22582,Himalayas ,Himalayas  Nepal
Bairiga,6882,22579,Kangri Garpo,Kangri Garpo
Koyo Zom,6872,22546,Hindu Kush ,Hindu Kush  Pakistan
Nanda Kot,6861,22510,Himalayas ,Himalayas  India 
Kubi Gangri,6859,22503,Himalayas ,Himalayas  Nepal
Angel Sar,6858,22500,Karakoram ,Karakoram  Pakistan
Bhagirathi Parbat I,6856,22493,Himalayas ,Himalayas  India 
Jethi Bahurani,6850,22474,Himalayas ,Himalayas  Nepal
Chongra Peak,6830,22408,Nanga Parbat Himalaya ,Nanga Parbat Himalaya  Pakistan
Chomo Yummo,6829,22405,Sikkim ,Sikkim  India
Reo Purgyil,6816,22362,Western Himalaya ,Western Himalaya  India border
Ama Dablam,6812,22349,Himalayas ,Himalayas  Nepal 
Monte Pissis,6795,22293,Andes ,Andes  Argentina
Kangtega,6782,22251,Himalayas ,Himalayas  Nepal
Biarchedi,6781,22247,Karakoram ,Karakoram  Pakistan
Huascarán Sur,6768,22205,Andes ,Andes 
Cerro Bonete,6759,22175,Andes ,Andes 
Nevado Tres Cruces,6749,22142,Andes ,Andes 
Kawagarbo,6740,22113,Himalayas ,Himalayas  China
Llullaillaco,6739,22110,Andes ,Andes  Argentina
Cho Polu,6735,22096,Himalayas ,Himalayas  Nepal 
Kangju Kangri,6725,22064,Karakoram ,Karakoram  India 
Changla,6721,22051,Himalayas ,Himalayas  Nepal
Mercedario,6720,22047,Andes ,Andes 
Mount Pandim,6691,21952,Himalayas ,Himalayas  India 
Num Ri,6677,21906,Himalayas ,Himalayas  Nepal 
Lungser Kangri,6666,21870,Ladakh ,Ladakh  Himalayas  India 
Meru Peak,6660,21850,Himalayas ,Himalayas  India
Gul Lasht Zom,6657,21841,Hindu Kush ,Hindu Kush  Pakistan
Huascarán Norte,6655,21834,Andes ,Andes 
Khumbutse,6640,21785,Himalayas ,Himalayas  Nepal 
Mount Kailash,6638,21778,Transhimalaya ,Transhimalaya  western China
Yerupajá,6635,21768,Andes ,Andes  Peru
Nevado Tres Cruces Central,6629,21749,Andes ,Andes  Chile
Thamserku,6623,21729,Himalayas ,Himalayas  Nepal 
Geladaindong Peak,6621,21722,Tanggula ,Tanggula  China 
Incahuasi,6621,21722,Andes ,Andes  Argentina
Pangpoche,6620,21719,Himalayas ,Himalayas  Nepal
Manirang,6597,21644,Himalayas ,Himalayas  India 
Nilkantha,6596,21640,Himalayas ,Himalayas  India 
Phuparash Peak,6574,21568,Karakoram ,Karakoram  Pakistan
Sickle Moon Peak,6574,21568,Himalayas ,Himalayas  India 
Tupungato,6570,21555,Andes ,Andes  Argentina
Buni Zom,6542,21463,Hindu Raj ,Hindu Raj  Pakistan
Nevado Sajama,6542,21463,Andes ,Andes 
Ghamubar Zom,6518,21385,Hindu Kush ,Hindu Kush  Pakistan
Singu Chuli,6501,21329,Annapurna,Annapurna
Taboche,6501,21329,Himalayas ,Himalayas  Nepal 
Cerro El Muerto,6488,21286,Andes ,Andes  Argentina
Mera Peak,6476,21247,Himalayas ,Himalayas  Nepal 
Hiunchuli,6441,21132,Annapurna Himalaya ,Annapurna Himalaya  Nepal
Cholatse,6440,21129,Himalayas ,Himalayas  Nepal 
Illimani,6438,21122,Andes ,Andes  Bolivia
Ancohuma,6427,21086,Andes ,Andes  Bolivia
Coropuna,6425,21079,Andes ,Andes  Peru
Antofalla,6409,21027,Andes ,Andes  Argentina
Kang Yatze,6400,20997,Ladakh ,Ladakh  Himalayas  India 
Huandoy,6395,20981,Andes ,Andes  Peru
Ausangate,6384,20945,Andes ,Andes  Peru
Chapaev Peak,6371,20902,Tian Shan ,Tian Shan 
Illampu,6368,20892,Andes ,Andes  Bolivia
Kusum Kangguru,6367,20889,Himalayas ,Himalayas  Nepal 
Kinnaur Kailash,6349,20830,Himalayas ,Himalayas  Kinnaur  India 
Parinaquta,6348,20827,Andes ,Andes  Bolivia
Siula Grande,6344,20814,Andes ,Andes 
Bamba Dhura,6334,20781,Himalayas ,Himalayas  India 
Ampato,6288,20630,Andes ,Andes  Peru
Amne Machin,6282,20610,Kunlun Mountains ,Kunlun Mountains  China 
Pomerape,6282,20610,Andes ,Andes  Bolivia
Salcantay,6271,20574,Andes ,Andes  Peru
Chimborazo,6267,20561,Andes ,Andes  Ecuador
Mount Siguniang,6250,20505,Qionglai Mountains ,Qionglai Mountains  China 
Grid Nie Mountain,6224,20420,Hengduan Mountains ,Hengduan Mountains  China 
Yuzhu Peak,6224,20420,Kunlun Mountains ,Kunlun Mountains  China 
Genyen Massif,6204,20354,Shaluli Range ,Shaluli Range  China 
Kongde Ri,6187,20299,Himalayas ,Himalayas  Nepal 
Aucanquilcha,6176,20262,Andes ,Andes  Chile
Imja Tse,6189,20305,Himalayas ,Himalayas  Nepal 
Denali,6168,20236,Alaska Range ,Alaska Range  United States 
Stok Kangri,6137,20135,Himalayas ,Himalayas  India 
Lobuche,6119,20075,Himalayas ,Himalayas  Nepal 
Marmolejo,6108,20039,Andes ,Andes  Argentina
Laila Peak (Hushe Valley),6096,20000,Karakoram ,Karakoram  Pakistan
Pisang Peak,6091,19984,Annapurna Himalaya ,Annapurna Himalaya  Nepal
Huayna Potosí,6088,19974,Andes ,Andes  Bolivia
Aracar,6082,19954,Andes ,Andes  Argentina
Chachakumani,6074,19928,Andes ,Andes  Bolivia
Chachani,6057,19872,Andes ,Andes  Peru
Mianzimu,6054,19862,Yunnan ,Yunnan  China
Acotango,6052,19856,Andes ,Andes  Bolivia
Socompa,6051,19852,Andes ,Andes  Argentina
Minglik Sar,6050,19849,Karakoram ,Karakoram  Pakistan
Acamarachi,6046,19836,Andes ,Andes  Chile
Shayaz,6026,19770,Hindu Kush ,Hindu Kush  Pakistan
Hualca Hualca,6025,19767,Andes ,Andes  Peru
Uturunku,6020,19751,Andes ,Andes  Bolivia
Mitre Peak,6010,19718,Karakoram ,Karakoram  Pakistan
Laila Peak,5971,19590,Himalaya,Pakistan
Mount Logan,5959,19551,Saint Elias Mountains,Yukon 
Alpamayo,5947,19511,Andes,Peru
Cerro Lípez,5929,19452,Andes,Bolivia
Licancabur,5920,19423,Andes,Bolivia
Falak Sar,5918,19416,Hindu Kush,Pakistan
Cotopaxi,5897,19347,Andes,Ecuador
Mount Kilimanjaro,5895,19341,Eastern Rift Mountains,Tanzania
Hkakabo Razi,5881,19295,Himalayas,Myanmar
San José,5856,19213,Andes,Chile
El Misti,5822,19101,Andes,Peru
Altun Shan,5798,19022,Altyn-Tagh,Gansu 
Cayambe,5790,18996,Andes,Ecuador
Pico Cristóbal Colón,5776,18950,Sierra Nevada de Santa Marta,Colombia
Antisana,5753,18875,Andes,Ecuador
Nevado Pisco,5752,18871,Andes,Peru
Nevado Anallajsi,5750,18865,Andes,Bolivia
Pokalde,5745,18848,Khumbu,Nepal
Ubinas,5672,18609,Andes,Peru
Pichu Pichu,5664,18583,Andes,Peru
Mount Elbrus,5642,18510,Caucasus Mountains,North Caucasus 
Mehrbani Peak,5639,18501,Karakoram,Pakistan
Pico de Orizaba,5636,18491,Trans-Mexican Volcanic Belt,Mexico
Mount Damavand,5610,18406,Alborz,Iran
Nevado Mismi,5597,18363,Andes,Peru
Jade Dragon Snow Mountain,5596,18360,Hengduan Mountains,Yunnan 
Lascar Volcano,5592,18346,Andes,Chile
Mount Xuebaoding,5588,18333,Min Mountains,Sichuan  China
Kala Patthar,5545,18192,Khumbu,Nepal
Mount Saint Elias,5489,18009,Saint Elias Mountains,Yukon 
Concord Peak,5469,17943,Pamir Mountains,Afghanistan
Dindaw Razi,5464,17927,Himalayas,Myanmar
Machoi Peak,5458,17907,Himalaya,India 
El Plomo,5450,17881,Andes,Chile
Bogda Feng,5445,17864,Tien Shan,Xinjiang 
Mount Little Xuebaoding,5443,17858,Min Mountains,Sichuan  China
Cerro El Plomo,5434,17828,Andes,Chile
Popocatépetl,5426,17802,Trans-Mexican Volcanic Belt,Mexico
Kolahoi Peak,5425,17799,Himalaya,India 
Chacaltaya,5421,17785,Andes,Bolivia
Mount Pomiu,5413,17759,Qionglai Range,Sichuan  China
Ritacuba Blanco,5410,17749,Andes,Colombia
Haba Xueshan,5396,17703,Himalaya,Yunnan  China
Nevado del Ruiz,5389,17680,Andes,Colombia
Nevado del Huila,5364,17598,Andes,Colombia
El Altar,5320,17454,Andes,Ecuador
Mount Foraker,5304,17402,Alaska Range,Alaska 
Mount Haramukh,5300,17388,Himalaya,India 
Nevado del Tolima,5276,17310,Andes,Colombia
Maipo,5264,17270,Andes,Argentina
Illiniza,5248,17218,Andes,Ecuador
Point 5240,5240,17192,Himalaya,Jammu and Kashmir  India
Sirbal Peak,5236,17178,Himalaya,Kashmir Valley  India 
Sangay,5230,17159,Andes,Ecuador
Iztaccíhuatl,5230,17159,Trans-Mexican Volcanic Belt,Mexico
Mount Lucania,5226,17146,Saint Elias Mountains,Yukon 
Karakol Peak,5216,17113,Tian Shan,Kyrgyzstan
Dykh-Tau,5205,17077,Caucasus Mountains,North Caucasus 
Shkhara,5201,17064,Caucasus Mountains,Georgia
Mount Kenya,5199,17057,,Kenya
Malika Parbat,5190,17028,Himalaya,Kaghan Valley 
Amarnath Peak,5186,17014,Himalaya,Kashmir Valley  India 
Laram Q'awa (Charaña),5182,17001,Andes,Bolivia
King Peak,5173,16972,Saint Elias Mountains,Yukon 
Boris Yeltsin Peak,5168,16955,Teskey Ala-Too,Kyrgyzstan
Koshtan-Tau,5150,16896,Caucasus Mountains,North Caucasus 
Mount Ararat,5137,16854,,Turkey
Mount Stanley,5109,16762,Ruwenzori Mountains,Democratic Republic of the Congo
Tami Razi,5101,16736,Himalayas,Myanmar
Mount Steele,5073,16644,Saint Elias Mountains,Yukon 
Janga,5051,16572,Caucasus Mountains,Georgia
Mount Kazbek,5047,16558,Caucasus Mountains,Georgia
Tungurahua,5023,16480,Andes,Ecuador
Carihuairazo,5018,16463,Andes,Ecuador
Mount Bona,5005,16421,Saint Elias Mountains,Alaska 
Mount Blackburn,4996,16391,no range specified,Wrangell Mtns. 
Pico Bolívar,4981,16342,no range specified,Sierra Nevada de Mérida 
Talgar Peak,4979,16335,no range specified,Tian Shan 
Shota Rustaveli Peak,4960,16273,no range specified,Caucasus Mountains 
Gunshar,4950,16240,no range specified,Kohistan District  Pakistan
Mount Sanford,4949,16237,no range specified,Wrangell Mtns. 
Pico Humboldt,4940,16207,no range specified,Sierra Nevada de Mérida 
Pin Bhaba Pass,4930,16175,no range specified,Pin Valley
Vinson Massif,4892,16050,no range specified,Sentinel Range 
Pico Bonpland,4890,16043,no range specified,Sierra Nevada de Mérida 
Puncak Jaya,4884,16024,no range specified,Sudirman Range 
Pico La Concha,4870,15978,no range specified,Sierra Nevada de Mérida 
Gistola,4860,15945,no range specified,Caucasus Mountains 
Tetnuldi,4858,15938,no range specified,Caucasus Mountains 
Mount Tyree,4852,15919,no range specified,Sentinel Range 
Huaynaputina,4850,15912,no range specified,Andes 
Alam Kuh,4850,15912,no range specified,Alborz 
Mount Wood,4842,15886,no range specified,Saint Elias Mountains 
Mount Vancouver,4812,15787,no range specified,Saint Elias Mountains 
Sabalan,4811,15784,no range specified,Iran
Mont Blanc,4810,15781,no range specified,Mont Blanc massif 
Corazón,4790,15715,no range specified,Andes 
Pichincha,4784,15696,no range specified,Andes 
Jimara,4780,15682,no range specified,Khokh Range 
Mount Churchill,4766,15636,no range specified,Saint Elias Mountains 
Puncak Mandala,4760,15617,no range specified,Papua 
Klyuchevskaya Sopka,4750,15584,no range specified,Kamchatka 
Puncak Trikora,4750,15584,no range specified,Papua 
Mont Blanc de Courmayeur,4748,15577,no range specified,Mont Blanc massif 
Sunset Peak,4745,15568,no range specified,Himalaya 
Mount Slaggard,4742,15558,no range specified,Saint Elias Mountains 
Pico Piedras Blancas,4740,15551,no range specified,Sierra de la Culata 
Pico El Toro,4730,15518,no range specified,Andes 
Tatakooti Peak,4725,15502,no range specified,Himalaya  Kashmir Valley  India 
Rumiñahui,4721,15489,no range specified,Andes 
Pico El Leon,4720,15486,no range specified,Andes 
Ushba,4710,15453,no range specified,Caucasus Mountains 
Volcán Domuyo,4709,15449,no range specified,Andes 
Pico Los Nevados,4700,15420,no range specified,Andes 
Pico Pan de Azucar,4680,15354,no range specified,Sierra de la Culata 
Naltar Peak,4678,15348,no range specified,Pakistan
Mount Fairweather,4663,15299,no range specified,Fairweather Range 
Pico Mucuñuque,4660,15289,no range specified,Andes 
Pico El Buitre,4650,15256,no range specified,Andes 
Khazret Sultan,4643,15233,no range specified,Gissar Range 
Sierra Negra,4640,15223,no range specified,Mexico
Dufourspitze,4634,15203,no range specified,Pennine Alps 
Dunantspitze,4632,15197,no range specified,Pennine Alps 
Nordend,4609,15121,no range specified,Pennine Alps 
Mount Hubbard,4577,15016,no range specified,Saint Elias Mountains
Nevado de Toluca,4577,15016,no range specified,Mexico
Mount Meru,4566,14980,no range specified,Tanzania
Zumsteinspitze,4563,14970,no range specified,Pennine Alps 
Signalkuppe,4554,14941,no range specified,Pennine Alps 
Dom,4545,14911,no range specified,Pennine Alps 
Ras Dashen,4533,14872,no range specified,Ethiopia
Eastern Liskamm (Lyskamm),4533,14872,no range specified,Pennine Alps 
Mount Bear,4521,14833,no range specified,Saint Elias Mountains 
Mount Wilhelm,4509,14793,no range specified,Bismarck Range 
Mount Karisimbi,4507,14787,no range specified,Virunga Mountains 
Mount Walsh,4507,14787,no range specified,Saint Elias Mountains 
Belukha Mountain,4506,14783,no range specified,Altay Mountains 
Weisshorn,4506,14783,no range specified,Pennine Alps 
Tebulosmta,4493,14741,no range specified,Caucasus Mountains 
Täschhorn,4491,14734,no range specified,Pennine Alps 
Bazarduzu Dagi,4485,14715,no range specified,Azerbaijan
Matterhorn,4478,14692,no range specified,Pennine Alps 
Mount Rutford,4477,14688,no range specified,Sentinel Range 
Mont Maudit,4465,14649,no range specified,Mont Blanc massif 
Babis Mta,4454,14613,no range specified,Caucasus Mountains 
Mount Shani,4451,14603,no range specified,Caucasus Mountains 
Dena,4448,14593,no range specified,Zagros Mountains 
Vladimir Putin Peak,4446,14587,no range specified,Kyrgyz Alatau 
Mount Hunter,4442,14573,no range specified,Alaska Range 
Parrotspitze,4432,14541,no range specified,Pennine Alps 
La Malinche,4430,14534,no range specified,Cordillera Neovolcanica 
Mount Whitney,4421,14505,no range specified,Sierra Nevada 
Mount Alverstone,4420,14501,no range specified,Saint Elias Mountains 
University Peak,4411,14472,no range specified,Saint Elias Mountains 
Aello Peak,4403,14446,no range specified,Saint Elias Mountains 
Mount Elbert,4402,14442,no range specified,Sawatch Range 
Mount Massive,4395,14419,no range specified,Sawatch Range 
Mount Harvard,4395,14419,no range specified,Sawatch Range 
Mount Rainier,4392,14409,no range specified,Cascades 
Apharwat Peak,4390,14403,no range specified,Gulmarg  India 
Kholeno,4387,14393,no range specified,Alborz 
Mount Williamson,4382,14377,no range specified,Sierra Nevada 
Tavan Bogd Uul,4374,14350,no range specified,Bayan-Ölgii Province 
Blanca Peak,4374,14350,no range specified,Rocky Mountains 
La Plata Peak,4372,14344,no range specified,Sawatch Range 
Mount Giluwe,4368,14331,no range specified,Papua New Guinea
Burchula,4364,14318,no range specified,Caucasus Mountains 
Uncompahgre Peak,4361,14308,no range specified,San Juan Mountains 
Dent Blanche,4357,14295,no range specified,Pennine Alps 
Crestone Peak,4357,14295,no range specified,Sangre de Cristo Range 
Mount Lincoln,4354,14285,no range specified,Mosquito Range 
Azad Kuh,4355,14288,no range specified,Alborz 
Grays Peak,4350,14272,no range specified,Front Range 
Mount Evans,4350,14272,no range specified,Front Range 
Quandary Peak,4350,14272,no range specified,Tenmile Range 
Lalveri,4350,14272,no range specified,Caucasus Mountains 
Mount Antero,4349,14268,no range specified,Sawatch Range 
Torreys Peak,4349,14268,no range specified,Front Range 
Castle Peak,4348,14265,no range specified,Elk Mountains 
Longs Peak,4346,14259,no range specified,Front Range 
McArthur Peak,4344,14252,no range specified,Saint Elias Mountains 
Mount Wilsion,4342,14245,no range specified,San Juan Mountains 
White Mountain Peak,4342,14245,no range specified,White Mountains 
North Palisade,4341,14242,no range specified,Sierra Nevada 
Ludwigshöhe,4341,14242,no range specified,Pennine Alps 
Mount Shavano,4337,14229,no range specified,Sawatch Range 
Colima,4330,14206,no range specified,Mexico
Crestone Needle,4327,14196,no range specified,Sangre de Cristo Range 
Mount Belford,4327,14196,no range specified,Sawatch Range 
Mount Princeton,4327,14196,no range specified,Sawatch Range 
Mount Shasta,4322,14180,no range specified,California 
Mount Elgon,4321,14177,no range specified,Uganda-Kenya
Mount Bross,4320,14173,no range specified,Mosquito Range 
Kit Carson Mountain,4318,14167,no range specified,Sangre de Cristo Range 
Mount Wrangell,4317,14163,no range specified,Alaska 
Maroon Peak,4315,14157,no range specified,Elk Mountains 
Tabeguache Peak,4315,14157,no range specified,Sawatch Range 
El Diente Peak,4315,14157,no range specified,San Juan Mountains 
Mount Sill,4314,14154,no range specified,Sierra Nevada 
Grand Combin,4313,14150,no range specified,Pennine Alps 
Mount Oxford (Colorado),4313,14150,no range specified,Sawatch Range 
Mount Sneffels,4312,14147,no range specified,San Juan Mountains 
Mount Democrat,4312,14147,no range specified,Mosquito Range 
Capitol Peak,4307,14131,no range specified,Elk Mountains 
Pikes Peak,4302,14114,no range specified,Front Range 
Mount Russell,4296,14094,no range specified,Sierra Nevada 
Snowmass Mountain,4295,14091,no range specified,Elk Mountains 
Lenzspitze,4294,14088,no range specified,Pennine Alps 
Mount Eolus,4292,14081,no range specified,San Juan Mountains 
Windom Peak,4292,14081,no range specified,San Juan Mountains 
Challenger Point,4292,14081,no range specified,Sangre de Cristo Range 
Mount Columbia,4291,14078,no range specified,Sawatch Range 
Mount Adishi,4290,14075,no range specified,Caucasus Mountains 
Mount Augusta,4290,14075,no range specified,Saint Elias Mountains 
Humboldt Peak (Colorado),4287,14065,no range specified,Sangre de Cristo Range 
Split Mountain,4287,14065,no range specified,Sierra Nevada 
Mount Bierstadt,4286,14062,no range specified,Front Range 
Diklosmta,4285,14058,no range specified,Caucasus Mountains 
Sunlight Peak,4285,14058,no range specified,San Juan Mountains 
Mount Sidley,4285,14058,no range specified,Volcanic Seven Summits 
Missouri Mountain,4282,14049,no range specified,Sawatch Range 
Culebra Peak,4282,14049,no range specified,Colorado 
Handies Peak,4281,14045,no range specified,San Juan Mountains 
Ellingwood Point,4280,14042,no range specified,Sangre de Cristo Range 
Mount Lindsey,4280,14042,no range specified,Sangre de Cristo Range 
Little Bear Peak,4279,14039,no range specified,Sangre de Cristo Range 
Mount Sherman,4278,14035,no range specified,Mosquito Range 
Redcloud Peak,4277,14032,no range specified,San Juan Mountains 
Galeras,4276,14029,no range specified,Andes 
Mount Langley,4275,14026,no range specified,Sierra Nevada 
Finsteraarhorn,4274,14022,no range specified,Bernese Alps 
Pyramid Peak,4273,14019,no range specified,Elk Mountains 
Mount Tyndall,4273,14019,no range specified,Sierra Nevada 
Wilson Peak,4272,14016,no range specified,San Juan Mountains 
Mount Muir,4272,14016,no range specified,Sierra Nevada 
San Luis Peak,4271,14012,no range specified,San Juan Mountains 
Wetterhorn Peak,4271,14012,no range specified,San Juan Mountains 
Middle Palisade,4271,14012,no range specified,Sierra Nevada 
Huron Peak,4269,14006,no range specified,Sawatch Range 
Mount of the Holy Cross,4269,14006,no range specified,Sawatch Range 
Thunderbolt Peak,4268,14003,no range specified,Sierra Nevada 
Sunshine Peak,4268,14003,no range specified,San Juan Mountains 
Mount Strickland,4260,13976,no range specified,Saint Elias Mountains 
Pigeon Peak,4259,13973,no range specified,San Juan Mountains 
Mount Kennedy,4250,13944,no range specified,Saint Elias Mountains 
Pointe Bayeux,4258,13970,no range specified,Graian Alps  Mont Blanc massif 
Mont Blanc du Tacul,4248,13937,no range specified,Graian Alps  Mont Blanc massif 
Stecknadelhorn,4241,13914,no range specified,Pennine Alps 
Avalanche Peak,4228,13871,no range specified,Saint Elias Mountains 
Castor,4223,13855,no range specified,Pennine Alps 
Zinalrothorn,4221,13848,no range specified,Pennine Alps 
Volcán Tajumulco,4220,13845,no range specified,Guatemala
Hohberghorn,4219,13842,no range specified,Pennine Alps 
Turret Peak,4217,13835,no range specified,Needle Mountains 
Mount Darwin,4216,13832,no range specified,Sierra Nevada 
Mount Hayes,4216,13832,no range specified,Alaska 
Sacabaya,4215,13829,no range specified,Bolivia
Grandes Jorasses,4208,13806,no range specified,Mont Blanc massif 
Gannett Peak,4208,13806,no range specified,Wind River Range 
Mauna Kea,4207,13802,no range specified,Hawaii 
Alphubel,4206,13799,no range specified,Pennine Alps 
Cofre de Perote,4201,13783,no range specified,Mexico
Zard-Kuh,4200,13780,no range specified,Zagros Mountains 
Shah Alborz,4200,13780,no range specified,Alborz 
Rimpfischhorn,4199,13776,no range specified,Pennine Alps 
Grand Teton,4199,13776,no range specified,Teton Range 
Mount Cook,4196,13766,no range specified,Saint Elias Mountains 
Aletschhorn,4192,13753,no range specified,Bernese Alps 
Strahlhorn,4190,13747,no range specified,Pennine Alps 
Fremont Peak,4189,13743,no range specified,Wind River Range 
Mount Warren,4182,13720,no range specified,Wind River Range 
Mount Sidley,4181,13717,no range specified,Antarctica
Mount Abbot,4180,13714,no range specified,California 
Dent d'Hérens,4171,13684,no range specified,Pennine Alps 
Mauna Loa,4171,13684,no range specified,Hawaii 
Jbel Toubkal,4167,13671,no range specified,Atlas Mountains 
Mount Minto,4165,13665,no range specified,Antarctica
Breithorn,4164,13661,no range specified,Pennine Alps 
Jungfrau,4158,13642,no range specified,Bernese Alps 
Bishorn,4153,13625,no range specified,Pennine Alps 
Mount Helen,4151,13619,no range specified,Wind River Range 
El Mela,4150,13615,no range specified,Andes 
Mount Quincy Adams,4150,13615,no range specified,Fairweather Range 
Doublet Peak,4145,13599,no range specified,Wind River Range 
Turret Peak,4145,13599,no range specified,Wind River Range 
Mount Parnassus (Colorado),4137,13573,no range specified,Front Range  Rocky Mountains  Colorado  US
Uludoruk (Reşko / Gelyaşin),4137,13573,no range specified,Cilo Daglari Hakkari 
Mount Sacagawea,4136,13570,no range specified,Wind River Range 
Mount Dubois,4135,13566,no range specified,White Mountains 
Mount Muhabura,4127,13540,no range specified,Virunga Mountains  Musanze  Rwanda
Kings Peak,4125,13533,no range specified,Uinta Range 
Aiguille Verte,4122,13524,no range specified,Mont Blanc massif 
Mount Bangeta,4121,13520,no range specified,Papua New Guinea
Mount Dickerson,4120,13517,no range specified,Queen Alexandra Range 
Monte Tlaloc,4120,13517,no range specified,Mexican Volcanic Belt 
Jackson Peak,4120,13517,no range specified,Wind River Range 
Cilo Dağı,4116,13504,no range specified,Cilo Range 
Mount Woodrow Wilson,4115,13501,no range specified,Wind River Range 
Aiguilles du Diable,4114,13497,no range specified,Graian Alps  Mont Blanc massif 
Bastion Peak,4113,13494,no range specified,Wind River Range 
Aiguille Blanche de Peuterey,4112,13491,no range specified,Mont Blanc massif 
Mönch,4107,13474,no range specified,Bernese Alps 
Mount Febbas,4105,13468,no range specified,Wind River Range 
Barre des Écrins,4102,13458,no range specified,Dauphiné Alps  France
Mount Aragats,4095,13435,no range specified,Armenia
Mount Cameroon,4095,13435,no range specified,Cameroon
Mount Kinabalu,4095,13435,no range specified,Sabah 
Grizzly Peak D,4093,13428,no range specified,Front Range 
Pollux,4092,13425,no range specified,Pennine Alps 
Mount Wade,4085,13402,no range specified,Prince Olav Mountains 
Nairamdal Peak,4082,13392,no range specified,Altai Mountains 
Mount Victoria,4072,13360,no range specified,Papua New Guinea
Centennial Peak,4070,13353,no range specified,Prince Olav Mountains 
Gran Paradiso,4061,13323,no range specified,Graian Alps 
Ober Gabelhorn,4053,13297,no range specified,Pennine Alps 
Piz Bernina,4049,13284,no range specified,Bernina Alps 
Fiescherhorn,4049,13284,no range specified,Bernese Alps 
Grünhorn,4043,13264,no range specified,Bernese Alps 
Lauteraarhorn,4042,13261,no range specified,Bernese Alps 
Aiguille du Géant,4035,13238,no range specified,Graian Alps  Mont Blanc massif 
Mount Silverthrone,4030,13222,no range specified,Alaska Range  Alaska  US
Mount Sniktau,4034,13235,no range specified,Front Range  Rocky Mountains  Colorado  US
Azufral,4030,13222,no range specified,Colombia
Allalinhorn,4027,13212,no range specified,Pennine Alps 
Wind River Peak,4021,13192,no range specified,Wind River Range 
Latsga,4019,13186,no range specified,Caucasus Mountains 
Weissmies,4017,13179,no range specified,Pennine Alps 
Mount Waddington,4016,13176,no range specified,British Columbia  Canada
Mount Marcus Baker,4016,13176,no range specified,Chugach Range  Alaska  US
Dôme de neige des Écrins,4015,13173,no range specified,Dauphiné Alps  France
Conejos Peak,4015,13173,no range specified,San Juan Mountains  Colorado  US
Dent du Géant,4013,13166,no range specified,Mont Blanc massif  France
Red Slate Mountain,4013,13166,no range specified,Sierra Nevada  California  US
Cloud Peak,4013,13166,no range specified,Big Horn Mountains  Wyoming  US
Wheeler Peak,4012,13163,no range specified,Sangre de Cristo Mountains  New Mexico  US
Lagginhorn,4010,13156,no range specified,Pennine Alps  Switzerland
Twilight Peak,4010,13156,no range specified,San Juan Mountains  Colorado  US
Francs Peak,4009,13153,no range specified,Absaroka Range  Wyoming  US
Mount Lahili,4009,13153,no range specified,Svaneti Range  Svaneti  Georgia
Mount Walter,4005,13140,no range specified,New Mexico  US
Les Droites,4000,13123,no range specified,Mont Blanc massif  France
Piz Zupò,3995,13107,no range specified,Bernina Range  Switzerland
Truchas Peak,3994,13104,no range specified,Sangre de Cristo Mountains 
Fletschhorn,3993,13100,no range specified,Pennine Alps  Switzerland
Mount Albert Edward,3990,13091,no range specified,Papua New Guinea
La Meije,3987,13081,no range specified,Dauphiné Alps  France
Wheeler Peak,3982,13064,no range specified,Snake Range 
Mount Dana,3981,13061,no range specified,California
Acatenango,3976,13045,no range specified,Guatemala
Piz Roseg,3973,13035,no range specified,Bernina Range  Switzerland
Piz Scerscen,3971,13028,no range specified,Bernina Range  Switzerland
Eiger,3967,13015,no range specified,Bernese Oberland  Switzerland
Mount Tochal,3964,13005,no range specified,Alborz 
Black Tooth Mountain,3964,13005,no range specified,Bighorn Mountains 
Grand Cornier,3962,12999,no range specified,Pennine Alps  Switzerland
Mount Owen,3957,12982,no range specified,Teton Range 
Ailefroide,3954,12972,no range specified,Dauphiné Alps  France
Mount Robson,3954,12972,no range specified,Highest point in the
Descabezado Grande,3953,12969,no range specified,Chile
Yu Shan (Mount Jade),3952,12966,no range specified,Highest point in
Mont Pelvoux,3946,12946,no range specified,Dauphiné Alps  France
Mount Julian,3940,12927,no range specified,Colorado  United States
Mount Khalatsa,3938,12920,no range specified,Disputed 
Ajusco,3930,12894,no range specified,Mexico
Mount Erciyes,3916,12848,no range specified,Central Anatolia 
Bomber Mountain,3914,12841,no range specified,Bighorn Range 
Pic Sans Nom,3919,12858,no range specified,Dauphiné Alps  France
Jicarita Peak,3912,12835,no range specified,Sangre de Cristo Mountains 
Ortler,3905,12812,no range specified,Italy South Tyrol
Piz Palü,3905,12812,no range specified,Bernina Range  Switzerland
Middle Teton,3903,12805,no range specified,Teton Range  Wyoming
Aiguille d'Argentière,3902,12802,no range specified,Mont Blanc massif  France
Granite Peak,3901,12799,no range specified,Montana  US
Mount Gibbs,3893,12772,no range specified,Sierra Nevada  California  US
Mount Crillon,3879,12726,no range specified,Fairweather Range  Alaska  US
Mont Blanc de Cheilon,3870,12697,no range specified,Pennine Alps  Switzerland
Aiguille du Goûter,3863,12674,no range specified,Graian Alps  Mont Blanc massif 
Borah Peak,3861,12667,no range specified,Idaho  US
Grande Casse,3855,12648,no range specified,Vanoise Massif  France
Humphreys Peak,3852,12638,no range specified,Arizona  US
Santa Fe Baldy,3847,12621,no range specified,Sangre de Cristo Mountains  New Mexico
Mount Baldwin,3845,12615,no range specified,Sierra Nevada  California  US
Aiguille du Midi,3842,12605,no range specified,Graian Alps  Mont Blanc Massif  France
Mount Moran,3842,12605,no range specified,Wyoming  US
Monte Viso,3841,12602,no range specified,Italian Alps
Sauyr Zhotasy,3840,12598,no range specified,Kazakhstan
Mount Saramati,3826,12552,no range specified,Patkai Range  Nagaland  India
Nesthorn,3822,12539,no range specified,Bernese Alps  Switzerland
Cerro Chirripó,3820,12533,no range specified,Highest in Costa Rica
Aiguille des Glaciers,3816,12520,no range specified,Mont Blanc massif  France
South Teton,3814,12513,no range specified,Teton Range  Wyoming
La Râteau,3809,12497,no range specified,Dauphiné Alps  France
Mount Kerinci,3800,12467,no range specified,Highest volcano in Indonesia
Grossglockner,3798,12461,no range specified,Austria
Pigne d'Arolla,3796,12454,no range specified,Pennine Alps  Switzerland
Mount Erebus,3794,12448,no range specified,Antarctica
Mont Pourri,3779,12398,no range specified,Vanoise Massif  France
Mount Fuji,3776,12388,no range specified,Japan
Wildspitze,3774,12382,no range specified,Austria
Greenhorn Mountain,3763,12346,no range specified,Wet Mountains  Colorado  US
Volcán de Fuego,3763,12346,no range specified,Guatemala
Mount Villard,3760,12336,no range specified,Montana  US
Teewinot Mountain,3757,12326,no range specified,Teton Range  Wyoming  US
Aiguille du Dru,3754,12316,no range specified,Graian Alps  France
Aoraki / Mount Cook,3754,12316,no range specified,New Zealand
Pointe de Charbonnel,3752,12310,no range specified,Graian Alps  France
Piz Morteratsch,3751,12306,no range specified,Bernina Range  Switzerland
Sawtooth Mountain,3750,12303,no range specified,Front Range  Colorado  US
Mount Davis,3750,12303,no range specified,California  US
Mount Morrison,3750,12303,no range specified,California  US
Mount Taibai,3750,12303,no range specified,Qin Mountains  China
Aiguille de la Grande Sassière,3747,12293,no range specified,Graian Alps  France
Lanín,3747,12293,no range specified,Andes  Chile
Mount Adams,3743,12280,no range specified,Cascade Range  Washington  US
Mount Columbia,3747,12293,no range specified,Canadian Rockies
Mount Adams,3743,12280,no range specified,Washington  US
Teepe Pillar,3739,12267,no range specified,Teton Range  Wyoming  US
Weißkugel,3739,12267,no range specified,Alps  Austria
Minarets,3735,12254,no range specified,Sierra Nevada  California
Mount Huntington,3731,12241,no range specified,Alaska Range  Alaska  US
Bedori Peak,3727,12228,no range specified,Forward Kahuta  Azad Kashmir  Pakistan
Mount Rinjani,3726,12224,no range specified,Indonesia
Cerro del Potosí,3721,12208,no range specified,Mexico
Diamond Peak,3719,12201,no range specified,Idaho  US
Teide,3718,12198,no range specified,Canary Islands
Asperity Mountain,3716,12192,no range specified,Waddington Range
Cerro de la Viga,3712,12178,no range specified,Mexico
Delano Peak,3711,12175,no range specified,Utah  US - Highest peak in the Tushar Mountains
Sahand,3707,12162,no range specified,East Azerbaijan  Iran
Monte San Lorenzo,3706,12159,no range specified,Patagonia  Argentina-Chile
Wetterhorn,3701,12142,no range specified,Bernese Alps  Switzerland
Mount Valhalla,3699,12136,no range specified,Alaska  US
Dent Parrachée,3697,12129,no range specified,Vanoise massif  France
Gunnbjørn,3694,12119,no range specified,highest in Greenland
North Twin Peak,3684,12087,no range specified,Canadian Rockies
Monte Disgrazia,3678,12067,no range specified,Bregaglia  Switzerland
Semeru,3676,12060,no range specified,Java  Indonesia
Les Bans,3669,12037,no range specified,Ecrins  France
Cloudveil Dome,3666,12028,no range specified,Teton Range  Wyoming  US
Thor Peak,3666,12028,no range specified,Teton Range  Wyoming  United States
Medicine Bow Peak,3661,12011,no range specified,Wyoming  US
Hyndman Peak,3660,12008,no range specified,Idaho  US
Mount Clemenceau,3658,12001,no range specified,Canadian Rockies
Mount Frakes,3654,11988,no range specified,Crary Mountains  Antarctica
Grande Motte,3653,11985,no range specified,Vanoise Massif  France
Sierra Blanca,3652,11982,no range specified,Sacramento Mountains 
Pointe de la Fournache,3642,11949,no range specified,Vanoise massif  France
Buck Mountain,3639,11939,no range specified,Teton Range  Wyoming
Mount Nebo,3636,11929,no range specified,Utah  US
Mount Charleston,3632,11916,no range specified,Nevada  US
Hintere Schwärze,3628,11903,no range specified,Ötztal Alps  Austria
Nez Perce Peak,3627,11900,no range specified,Teton Range  Wyoming  US
Mount Alberta,3619,11873,no range specified,Canadian Rockies
Mount Assiniboine,3618,11870,no range specified,Canadian Rockies
Tödi,3614,11857,no range specified,Swiss Alps
Mount Forbes,3612,11850,no range specified,Canadian Rockies
Lautaro,3607,11834,no range specified,Patagonia  Chile
Dôme de la Sache,3601,11814,no range specified,Vanoise massif  France
Castle Peak,3601,11814,no range specified,Idaho  US
Dôme de l'Arpont,3601,11814,no range specified,Vanoise massif  France
Dôme de Chasseforêt,3586,11765,no range specified,Vanoise massif  France
Makra Peak,3586,11765,no range specified,Pakistan
Sierra Velluda,3585,11762,no range specified,Chile
Grand Roc Noir,3582,11752,no range specified,Vanoise massif  France
Mount Timpanogos,3582,11752,no range specified,Utah  United States
Mount Alvand,3580,11745,no range specified,Hamedan  Iran
Dôme des Nants,3570,11713,no range specified,Vanoise massif  France
Ryan Peak,3570,11713,no range specified,Idaho  US
South Twin Peak,3566,11699,no range specified,Canadian Rockies
Olan,3564,11693,no range specified,Ecrins  France
Aiguille de Péclet,3561,11683,no range specified,Vanoise massif  France
Presanella,3558,11673,no range specified,Adamello-Presanella  Italy
Mount Steere,3558,11673,no range specified,Antarctica
Monarch Mountain,3555,11663,no range specified,Pacific Ranges  British Columbia  Canada
Monte Leone,3552,11654,no range specified,Lepontine Alps  Switzerland
Mont Turia,3550,11647,no range specified,Vanoise massif  France
Mount Temple,3543,11624,no range specified,Canadian Rockies
Disappointment Peak,3541,11617,no range specified,Teton Range  Wyoming
Mount Woodring,3533,11591,no range specified,Teton Range  Wyoming
Aiguille de Polset,3531,11585,no range specified,Vanoise Massif  France
Snow Dome,3520,11549,no range specified,Canadian Rockies
Aiguilles d'Arves,3515,11532,no range specified,Arve Massif  France
Mount Ellen (Utah),3513,11526,no range specified,Henry Mountains  Utah  US
Mont de Gébroulaz,3511,11519,no range specified,Vanoise massif  France
Mount San Gorgonio,3505,11499,no range specified,California  US
Mount Kitchener,3505,11499,no range specified,Canadian Rockies
Zuckerhütl,3505,11499,no range specified,Stubai Alps  Austria
Mount Wister,3502,11490,no range specified,Teton Range  Wyoming
Mount Saskatchewan,3500,11483,no range specified,Yukon  Canada
Mount Tasman,3497,11473,no range specified,Southern Alps  New Zealand
Mount Hungabee,3492,11457,no range specified,Canadian Rockies
Mount Athabasca,3491,11453,no range specified,Canadian Rockies
Tronador,3491,11453,no range specified,Chile
Mount Saint John,3484,11430,no range specified,Teton Range  Wyoming
Thabana Ntlenyana,3482,11424,no range specified,Drakensberg  Africa
Pointes du Châtelard,3479,11414,no range specified,Vanoise massif  France
Mulhacén,3479,11414,no range specified,Spain
Mount Berlin,3478,11411,no range specified,Flood Range  Antarctica
Mount Pennell,3478,11411,no range specified,Henry Mountains  Utah  US.
Volcán Barú,3475,11401,no range specified,Chiriquí  Panama
Koh-i-Takatu Sraghurgai,3472,11391,no range specified,Quetta Sraghurgai  Suleman Range  Pakistan
Roc des Saints Pères,3470,11385,no range specified,Vanoise massif  France
Mount Brazeau,3470,11385,no range specified,Canadian Rockies
Mount Nyiragongo,3470,11385,no range specified,Virunga Mountains  DRC
Ruby Dome,3470,11385,no range specified,Ruby Mountains  Nevada
Roche de la Muzelle,3465,11368,no range specified,Dauphine Alps  France
Mount Victoria,3464,11365,no range specified,Canadian Rockies
Abajo Peak,3463,11362,no range specified,Abajo Mountains  Utah
Eagle Peak,3462,11358,no range specified,Absaroka Range  Wyoming  United States
Doane Peak,3461,11355,no range specified,Teton Range  Wyoming  US
Ranger Peak,3461,11355,no range specified,Teton range  Wyoming  US
Mount Takahe,3460,11352,no range specified,Antarctica
Cerro de la Muerte,3451,11322,no range specified,Second highest in Costa Rica
Furgghorn,3451,11322,no range specified,Pennine Alps  Switzerland
Mafadi,3450,11319,no range specified,Drakensberg  South Africa
Mount Andromeda,3450,11319,no range specified,Canadian Rockies
Boulder Mountain,3449,11316,no range specified,Utah  US. Highest timbered plateau in N America
Mount Joffre,3449,11316,no range specified,Canadian Rockies
Hilgard Peak,3449,11316,no range specified,Madison Range  Montana  US
Static Peak,3445,11302,no range specified,Teton Range  Wyoming  US
Thousand Lake Mountain,3444,11299,no range specified,Utah  US
Pointe de la Sana,3436,11273,no range specified,Vanoise massif  France
Eagles Rest Peak,3431,11257,no range specified,Teton Range  Wyoming  US
Irazú Volcano,3431,11257,no range specified,Costa Rica
Mount Hood,3429,11250,no range specified,Cascade Range  Oregon  US
Verpeilspitze,3425,11237,no range specified,Austria
Deltaform Mountain,3424,11234,no range specified,Canadian Rockies
Mount Lefroy,3423,11230,no range specified,Canadian Rockies
Pointe de l'Échelle,3422,11227,no range specified,Vanoise massif  France
Pointe du Bouchet,3420,11220,no range specified,Vanoise massif  France
Mount Fitzgerald,3418,11214,no range specified,Ruby Mountains  Nevada  US
Bellecôte,3417,11211,no range specified,Vanoise massif  France
Crazy Peak,3417,11211,no range specified,Montana  US
Emi Koussi,3415,11204,no range specified,Tibesti Mountains  Chad
Piz Linard,3410,11188,no range specified,Switzerland
Mount Woolley,3405,11171,no range specified,Canadian Rockies
Aneto,3404,11168,no range specified,Pyrenees  Spain
Lone Mountain,3404,11168,no range specified,Madison Range  Montana  US
Fluchthorn,3399,11152,no range specified,Silvretta  Austria-Switzerland
Grand Bec,3398,11148,no range specified,Vanoise massif  France
Rockchuck Peak,3397,11145,no range specified,Teton Range  Wyoming
Pico Veleta,3396,11142,no range specified,Sierra Nevada  Spain
Mount Hector,3394,11135,no range specified,Canadian Rockies
Piz Platta,3392,11129,no range specified,Swiss Alps
Telescope Peak,3392,11129,no range specified,Death Valley
Champagne Castle,3377,11079,no range specified,Drakensberg  South Africa
Pic Uzu,3376,11076,no range specified,Tibesti  Libya-Chad
Cerro Chaltén,3375,11073,no range specified,Patagonia  Argentina-Chile
Mount Spurr,3374,11070,no range specified,Alaska
Pointe du Vallonnet,3372,11063,no range specified,Vanoise massif  France
Mammoth Mountain,3371,11060,no range specified,California
Fründenhorn,3369,11053,no range specified,Bernese Alps  Switzerland
Pointe Renod,3368,11050,no range specified,Vanoise massif  France
Traverse Peak,3368,11050,no range specified,Teton Range  Wyoming
Mount Edith Cavell,3363,11033,no range specified,Canadian Rockies
Dôme des Sonnailles,3361,11027,no range specified,Vanoise massif  France
Valvelspitze,3360,11024,no range specified,Austria
Mount Etna,3357,11014,no range specified,Metropolitan City of Catania  Italy
Mount Agepsta,3357,11014,no range specified,Gagra Range  Abkhazia  Georgia
Mount Munday,3356,11010,no range specified,Pacific Ranges  B.C.  Canada
Pointe de Claret,3355,11007,no range specified,Vanoise massif  France
Monte Perdido,3355,11007,no range specified,Pyrenees
Electric Peak,3343,10968,no range specified,Gallatin Range  Montana
Marmolada,3343,10968,no range specified,Dolomites  Italy
Mount Saskatchewan,3342,10965,no range specified,Canadian Rockies
Cerro Fábrega,3335,10942,no range specified,Bocas Del Toro  Panama
Ward Mountain,3333,10935,no range specified,Nevada  US
Pointe de Méan Martin,3330,10925,no range specified,Vanoise massif  France
Dôme de Polset,3326,10912,no range specified,Vanoise massif  France
Cathedral Peak,3326,10912,no range specified,California  US
Raynolds Peak,3325,10909,no range specified,Teton Range  Wyoming
Rolling Thunder Mountain,3324,10906,no range specified,Teton Range  Wyoming
Mount Hampton,3323,10902,no range specified,Antarctica
Dôme des Pichères,3319,10889,no range specified,Vanoise massif  France
Grand Roc,3316,10879,no range specified,Vanoise massif  France
Giant's Castle,3315,10876,no range specified,Drakensberg  South Africa
Sunwapta Peak,3315,10876,no range specified,Canadian Rockies
Piz Buin,3312,10866,no range specified,Silvretta  Austria-Switzerland
Mount Ball,3311,10863,no range specified,Canadian Rockies
Piz Badile,3308,10853,no range specified,Bregaglia  Switzerland
Ağ Dağ,3306,10846,no range specified,Bozgush mountain range 
San Jacinto Peak,3302,10833,no range specified,California  US
Didi Abuli,3301,10830,no range specified,Georgia
Silberhorn,3300,10827,no range specified,Southern Alps  New Zealand
Bivouac Peak,3299,10823,no range specified,Teton Range  Wyoming
Mount Wilbur,3298,10820,no range specified,Fairweather Range  Alaska  US
Monte Argentera,3297,10817,no range specified,Maritime Alps  Italy
Mount Rose (Nevada),3287,10784,no range specified,Carson Range 
Mount Samsari,3285,10778,no range specified,Abul-Samsari Range  Georgia
Roche Chevrière,3281,10764,no range specified,Vanoise massif  France
Habicht,3277,10751,no range specified,Stubai Alps  Austria
Thompson Peak,3277,10751,no range specified,Idaho  US
Mount Chephren,3266,10715,no range specified,Canadian Rockies
Pointe de Thorens,3266,10715,no range specified,Vanoise massif  France
Mount Cramer,3266,10715,no range specified,Idaho  US
Toussidé,3265,10712,no range specified,Tibesti Mountains  Chad-Libya
Antelao,3264,10709,no range specified,Dolomites  Italy
Mont Pelve,3261,10699,no range specified,Vanoise massif  France
Mount Stanley Baldwin,3256,10682,no range specified,Columbia Mountains  B.C.  Canada
Sandia Crest,3255,10679,no range specified,New Mexico  US
Épaule du Bouchet,3250,10663,no range specified,Vanoise massif  France
Mount Smythe,3246,10650,no range specified,Canadian Rockies
Wildstrubel,3243,10640,no range specified,Bernese Alps  Switzerland
Williams Peak,3242,10636,no range specified,Idaho  US
Mount Hope,3239,10627,no range specified,Highest British mountain  British Antarctic Territory
Titlis,3238,10623,no range specified,Bernese Alps  Switzerland
Owl Peak,3235,10614,no range specified,Teton Range  Wyoming
Mount Mackenzie King,3234,10610,no range specified,Cariboo Mountains  B.C.  Canada
Pointe des Buffettes,3233,10607,no range specified,Vanoise massif  France
Lisenser Spitze,3230,10597,no range specified,Stubai Alps  Austria
Mount Terror,3230,10597,no range specified,Antarctica
Aiguille Rouge,3227,10587,no range specified,Vanoise massif  France
Monte Civetta,3220,10564,no range specified,Dolomites  Italy
Symmetry Spire,3219,10561,no range specified,Teton Range  Wyoming
Glacier Peak,3213,10541,no range specified,Washington  US
Pointe du Dard,3212,10538,no range specified,Vanoise massif  France
Mount Binalud,3211,10535,no range specified,Alborz 
Pointe de la Réchasse,3206,10518,no range specified,Vanoise massif  France
Mount Jefferson,3204,10512,no range specified,Montana  US
Mount Jefferson,3199,10495,no range specified,Cascade Range  Oregon  US
Dreiländerspitze,3197,10489,no range specified,Silvretta  Austria-Switzerland
Mount Kita,3193,10476,no range specified,Akaishi Mountains  Japan
Mount Hotaka,3190,10466,no range specified,Hida Mountains  Japan
Mount Cleveland,3190,10466,no range specified,Montana  US
Ainodake,3189,10463,no range specified,Akaishi Mountains  Japan
Lassen Peak,3189,10463,no range specified,California  US
Mount Galatea,3185,10449,no range specified,Kananaskis Range  Alberta  Canada
Rendezvous Mountain,3185,10449,no range specified,Teton Range  Wyoming  US
Saviers Peak,3182,10440,no range specified,Idaho  US
Mount Yari,3180,10433,no range specified,Hida Mountains  Japan
Kendrick Peak,3178,10427,no range specified,San Francisco Peaks  USA
Kendrick Peak,3178,10427,no range specified,San Francisco Peaks  USA
Parícutin,3170,10400,no range specified,Mexico
Mount Aylmer,3162,10374,no range specified,Canadian Rockies
South Sister,3157,10358,no range specified,Cascade Range  Oregon  US
Stanley Peak,3155,10351,no range specified,Ball Range  Canadian Rockies
Jøkulkyrkja,3148,10328,no range specified,Antarctica
Pica d'Estats,3143,10312,no range specified,Spanish
Phan Xi Păng,3143,10312,no range specified,Sa pa  Vietnam
Mount Arakawa,3141,10305,no range specified,Akaishi Mountains  Japan
Gray Peak,3140,10302,no range specified,Yellowstone National Park  Wyoming  US
Mount Heyburn,3139,10299,no range specified,Idaho  US
Mount Washburn,3122,10243,no range specified,Yellowstone National Park  Wyoming  US
Mount Collie,3116,10223,no range specified,Canadian Rockies
Mount Siple,3110,10203,no range specified,Antarctica
Pirchinassi,3110,10203,no range specified,Muzaffarabad Azad Kashmir
Mount Redoubt,3108,10197,no range specified,Alaska  US
Mount Babel,3101,10174,no range specified,Bow Range  Alberta  Canada
Mount Emei,3099,10167,no range specified,China
Pico Duarte,3098,10164,no range specified,Dominican Republic
Trapper Peak,3096,10157,no range specified,Montana  US
Storm Mountain,3095,10154,no range specified,Canadian Rockies
Mount Blackmore,3094,10151,no range specified,Montana  US
Mount Stimson,3091,10141,no range specified,Montana  US
Mol Len,3088,10131,no range specified,Patkai Range  Nagaland-India
Qurnat as Sawdā,3088,10131,no range specified,Lebanon
Mount Richardson,3086,10125,no range specified,Canadian Rockies
Kintla Peak,3079,10102,no range specified,Livingston Range  Montana  US
Mount Moulton,3078,10098,no range specified,Antarctica
Smoky Dome,3077,10095,no range specified,Idaho  US
Jebel akthar,3075,10089,no range specified,Oman
North Sister,3074,10085,no range specified,Cascade Range  Oregon  US
Piton des Neiges,3069,10069,no range specified,Réunion  France
Mount San Antonio,3068,10066,no range specified,San Gabriel Mountains  California  US
Mount Ontake,3067,10062,no range specified,Japan
Mount Jackson,3064,10052,no range specified,Lewis Range  Montana  US
Middle Sister,3062,10046,no range specified,Cascade Range  Oregon  US
Mount Wutai,3061,10043,no range specified,Shanxi  China
Mount Nyamuragira,3058,10033,no range specified,Democratic Republic of the Congo
Haleakala,3057,10030,no range specified,Hawaii  US
Crowfoot Mountain,3055,10023,no range specified,Canadian Rockies
Mount Chester,3054,10020,no range specified,Canadian Rockies
Mount Siyeh,3052,10013,no range specified,Montana  US
Mount Merritt,3049,10003,no range specified,Montana  US
Cerro de Coxóm,3045,9990,no range specified,Guatemala
Parseierspitze,3036,9961,no range specified,Austria
Mount Senjō,3033,9951,no range specified,Akaishi Mountains  Japan
Mount Aspiring/Tititea,3033,9951,no range specified,New Zealand
Kinnerly Peak,3031,9944,no range specified,Montana  US
Mount Agung,3031,9944,no range specified,Bali  Indonesia
Mount McArthur,3021,9911,no range specified,Canadian Rockies
Mount Norikura,3026,9928,no range specified,Hida Mountains  Japan
Tsiteli Khati,3026,9928,no range specified,Kharuli Range  Georgia
Mount Tate,3015,9892,no range specified,Hida Mountains  Japan
Mount Japvo,3014,9888,no range specified,Barail Range  Nagaland  India
Mount Tahat,3003,9852,no range specified,Algeria
Sapitwa,3002,9849,no range specified,Mulanje Massif  Malawi
The Fortress,3000,9843,no range specified,Canadian Rockies
Tre Cime di Lavaredo,2999,9839,no range specified,Province of Belluno
Pizzo Centrale,2999,9839,no range specified,Switzerland
Cascade Mountain,2998,9836,no range specified,Vermillion Range  Canadian Rockies  Canada
Copahue,2997,9833,no range specified,Andes  Argentina
Mount Girouard,2985,9793,no range specified,Fairholme Range  Canadian Rockies  Canada
Pico da Neblina,2994,9823,no range specified,Serra do Imeri  Amazonas  Brazil
Mount Whyte,2983,9787,no range specified,Bow Range  Canadian Rockies  Canada
Miranjani,2980,9777,no range specified,Pakistan
Forellen Peak,2979,9774,no range specified,Teton Range  Wyoming  US
Mount Andrus,2978,9770,no range specified,Ames Range  Antarctica
Mount Niblock,2976,9764,no range specified,Bow Range  Canadian Rockies  Canada
Pico 31 de Março,2973,9754,no range specified,Serra do Imeri  Amazonas  Brazil
Keele Peak,2972,9751,no range specified,Mackenzie Mountains  Yukon  Canada
Mount Odin,2970,9744,no range specified,Monashee Mountains  B.C.  Canada
Schilthorn,2970,9744,no range specified,Bernese Alps  Switzerland
Mount Tallac,2968,9738,no range specified,Sierra Nevada  California  US
Mount Inglismaldie,2964,9724,no range specified,Fairholme Range  Canadian Rockies  Canada
Mount Ramelau,2963,9721,no range specified,Highest in East Timor
Zugspitze,2962,9718,no range specified,Germany
Slide Mountain (Nevada),2957,9701,no range specified,Carson Range 
Little Alberta,2956,9698,no range specified,Sir Winston Churchill Range  Canadian Rockies  Canada
Mount Arfak,2955,9695,no range specified,Arfak Mountains 
Iron Mountain,2955,9695,no range specified,Soldier Mountains  Idaho  US
Apo,2954,9692,no range specified,Philippines
Fossil Mountain,2946,9665,no range specified,Banff NP  Alberta  Canada
Coma Pedrosa,2942,9652,no range specified,Pyrenees  Andorra
Going to the Sun Mountain,2939,9642,no range specified,Lewis Range  Montana  US
Fishers Peak,2936,9633,no range specified,Raton Mesas  Colorado-New Mexico  US
Pilot Mountain,2935,9629,no range specified,Massive Range  Canadian Rockies  Canada
Uri Rotstock,2928,9606,no range specified,Switzerland
Musala,2925,9596,no range specified,Rila Mountain  Bulgaria
Mount Pulag,2926,9600,no range specified,Philippines
Mount Olympus,2917,9570,no range specified,Thessaly
Vihren,2914,9560,no range specified,Pirin Mountain  Bulgaria
Mount Gould,2912,9554,no range specified,Montana  US
Corno Grande,2912,9554,no range specified,Abruzzo
Mount Blakiston,2910,9547,no range specified,Flathead Range  Canadian Rockies  Canada
Puigmal,2909,9544,no range specified,Spanish
Kutelo,2908,9541,no range specified,Pirin Mountain  Bulgaria
Mount Sas dla Crusc,2907,9537,no range specified,Dolomites  Italy
Chutine Peak,2903,9524,no range specified,Coast Range  British Columbia  Canada
Malka Musala,2902,9521,no range specified,Rila Mountain  Bulgaria
Rising Wolf Mountain,2900,9514,no range specified,Lewis Range  Montana  US
Bonanza Peak,2899,9511,no range specified,Cascade Range  Washington  US
Mount McLoughlin,2894,9495,no range specified,Mount McLoughlin  Oregon  US
Pic de Sanfonts,2894,9495,no range specified,Pyrenees  Andorra
Pico da Bandeira,2892,9488,no range specified,Serra do Caparaó  Minas Gerais
Collarada,2886,9469,no range specified,Pyrenees  Spain
Banski Suhodol,2884,9462,no range specified,Pirin Mountain  Bulgaria
Boardman Peak,2882,9455,no range specified,Soldier Mountains  Idaho  US
Mount Wrightson,2882,9455,no range specified,Santa Rita Mountains  Arizona  US
Lembert Dome,2880,9449,no range specified,California  US
Sacajawea Peak,2876,9436,no range specified,Wallowa Mountains  Oregon  US
Mount Stuart,2869,9413,no range specified,Cascades  Washington  US
Mount Fisht,2867,9406,no range specified,Adygea  Russia
Mount Silverthrone,2865,9400,no range specified,British Columbia  Canada
Mount Baden-Powell,2864.75,9399,no range specified,San Gabriel Mountain  California  US
Triglav,2864,9396,no range specified,Slovenia
Mount Saint Nicholas,2858,9377,no range specified,Montana  US
Irechek,2852,9357,no range specified,Rila Mountain  Bulgaria
Polezhan,2851,9354,no range specified,Pirin Mountain  Bulgaria
Mount Tabayoc,2842,9324,no range specified,Cordillera Range  Benguet  Philippines
Mount Wilbur,2841,9321,no range specified,Montana  US
Pico do Fogo,2829,9281,no range specified,Cape Verde
Kamenitsa,2822,9259,no range specified,Pirin Mountain  Bulgaria
Bayuvi dupki,2820,9252,no range specified,Pirin Mountain  Bulgaria
Mount Fernow,2819,9249,no range specified,Washington  US
Mount Hermon,2814,9232,no range specified,Syria and Lebanon; a subpeak on its southern slopes is within the Israeli-occupied Golan Heights region
Mount Deakin,2810,9219,no range specified,Antarctica
Mount Cory,2802,9193,no range specified,Alberta  Canada
Mount Thielsen,2799,9183,no range specified,Cascades  Oregon  US
Pedra da Mina,2798,9180,no range specified,Serra da Mantiqueira  Minas Gerais
Mount Ruapehu,2797,9177,no range specified,Tongariro National Park  North Island  New Zealand
Copper Mountain,2795,9170,no range specified,Alberta  Canada
Maiella,2793,9163,no range specified,Abruzzo
Pico das Agulhas Negras,2792,9160,no range specified,Serra do Itatiaia  Minas Gerais
Deno,2790,9154,no range specified,Rila Mountain  Bulgaria
Hayes Volcano,2788,9147,no range specified,Alaska  US
Mount Edziza,2787,9144,no range specified,British Columbia  Canada
Canigou,2784,9134,no range specified,Pyrenees  France
Mount Weaver,2780,9121,no range specified,Antarctica
Buckner Mountain,2778,9114,no range specified,Washington  US
Mount Longonot,2776,9108,no range specified,Great Rift Valley  Kenya
Seven Fingered Jack,2774,9101,no range specified,Washington  US
Mount Nirvana,2773,9098,no range specified,Northwest Territories  Canada
Pico do Cristal,2770,9088,no range specified,Serra do Caparaó  Minas Gerais  Brazil
Chief Mountain,2768,9081,no range specified,Montana  US
Ovcharets,2768,9081,no range specified,Rila Mountain  Bulgaria
Lincoln Peak,2768,9081,no range specified,Washington  US
Castle Mountain,2766,9075,no range specified,Canadian Rockies  Canada
Pyramid Mountain,2766,9075,no range specified,Canadian Rockies  Canada
Pico Naiguata (Avila),2765,9072,no range specified,Caracas  Venezuela
Mount Bachelor,2764,9068,no range specified,Formerly Bachelor Butte  Cascade Mountains  Oregon  US
Mount Korab,2764,9068,no range specified,North Macedonia & Albania
Yalovarnika,2763,9065,no range specified,Pirin Mountain  Bulgaria
Gazey,2761,9058,no range specified,Pirin Mountain  Bulgaria
Mount Sir James MacBrien,2759,9052,no range specified,Canada
Kaymakchal,2753,9032,no range specified,Pirin Mountain  Bulgaria
Mount Olympus,2751,9026,no range specified,Utah  US
Todorka,2746,9009,no range specified,Pirin Mountain  Bulgaria
Mawson Peak,2745,9006,no range specified,Highest in
Fairview Mountain,2744,9003,no range specified,Bow Range  Canadian Rockies  Canada
Mount Baekdu,2744,9003,no range specified,North Korea
Škrlatica,2740,8990,no range specified,Julian Alps  Slovenia
Monte Roraima,2739,8986,no range specified,Serra de Pacaraima  Roraima  Brazil
Heavens Peak,2739,8986,no range specified,Montana  US
Mount Spickard,2737,8980,no range specified,North Cascades  US
Banderishki Chukar,2732,8963,no range specified,Pirin Mountain  Bulgaria
Mount Melbourne,2732,8963,no range specified,Antarctica
Cerro El Pital,2730,8957,no range specified,El Salvador
Mount Redoubt,2730,8957,no range specified,Washington  US
Dzhengal,2730,8957,no range specified,Pirin Mountain  Bulgaria
Malyovitsa,2729,8953,no range specified,Rila Mountain  Bulgaria
Pizzo di Claro,2727,8947,no range specified,Ticino  Switzerland
Mount Morning,2723,8934,no range specified,Antarctica
Phu Xai Lai Leng,2720,8924,no range specified,Laos
Serles,2718,8917,no range specified,Stubai Alps  Austria
Mount Singakalsa (Timbak),2717,8914,no range specified,Cordillera Range  Benguet  Philippines
Watzmann,2713,8901,no range specified,Bavarian Alps  Germany
Boston Peak,2711,8894,no range specified,Washington  US
Schiahorn,2709,8888,no range specified,Switzerland
Grotto Mountain,2706,8878,no range specified,Canadian Rockies  Canada
Mount Haku,2702,8865,no range specified,Ryōhaku Mountains  Japan
Eldorado Peak,2701,8862,no range specified,Washington  US
Anaimudi,2695,8842,no range specified,Kerala  India
Maja Jezerce,2694,8839,no range specified,#1 in
Half Dome,2693,8835,no range specified,Sierra Nevada  California  US
Mount Louis,2682,8799,no range specified,Alberta  Canada
Mount Discovery,2681,8796,no range specified,Antarctica
Morro do Couto,2680,8793,no range specified,Serra das Prateleiras  Rio de Janeiro  Brazil
Pic de la Selle,2680,8793,no range specified,Haiti
Mount Garibaldi,2678,8786,no range specified,British Columbia  Canada
Bashliyski Chukar,2670,8760,no range specified,Pirin Mountain  Bulgaria
Pedra do Sino,2670,8760,no range specified,Serra dos Órgãos  Rio de Janeiro  Brazil
Guadalupe Peak,2667,8750,no range specified,Guadalupe Mountains  Texas
Gjeravica,2656,8714,no range specified,Accursed Mountains  Kosovo
Großer Krottenkopf,2656,8714,no range specified,Allgäu Alps  Tyrol  Austria
Pic del Port Vell,2655,8711,no range specified,Pyrenees  Andorra
Gerlachov Peak,2655,8711,no range specified,High Tatras  Slovakia
Mount Michelson,2652,8701,no range specified,Chugach Mountains  Alaska  US
Torre Cerredo,2650,8694,no range specified,Picos de Europa  Spain
Mount St. Piran,2649,8691,no range specified,Bow Range  Alberta  Canada
Mount Meager,2645,8678,no range specified,British Columbia  Canada
Mount Trus Madi,2642,8668,no range specified,Trus Madi Range  Sabah  Malaysia
Meesapulimala,2640,8661,no range specified,Tamil Nadu
Doddabetta,2637,8652,no range specified,Tamil Nadu  India
Piton de la Fournaise,2631,8632,no range specified,Réunion
Mount Crean,2630,8629,no range specified,Victoria Land
Naina Peak (China Peak),2619,8593,no range specified,India  Uttarakhand
Cardinal Peak,2618,8589,no range specified,Washington  US
Peña Vieja,2617,8586,no range specified,Picos de Europa  Cantabria  Spain
Barbeau Peak,2616,8583,no range specified,Nunavut  Canada
Pelister Peak,2601,8533,no range specified,North Macedonia
Mount Abao,2596,8517,no range specified,Philippines
Pico Almanzor,2592,8504,no range specified,Spain
Mount Currie,2591,8501,no range specified,BC  Canada
Pizzo Molare,2585,8481,no range specified,Ticino  Switzerland
Mount Tavkvetili,2583,8474,no range specified,Georgia
Mount Tambuyukon,2579,8461,no range specified,Sabah  Malaysia
Argonaut Peak,2576,8451,no range specified,Washington  US
Doi Inthanon,2565,8415,no range specified,Thailand
Cooke's Peak/Cook's Peak,2563,8409,no range specified,New Mexico  US
Pic dels Aspres,2562,8406,no range specified,Pyrenees  Andorra
Ledyanaya,2562,8406,no range specified,Russia
Aguja Saint Exupery,2558,8392,no range specified,Argentina
Mount St. Helens,2550,8366,no range specified,Washington  US
Big Hatchet Peak,2547,8356,no range specified,New Mexico  US
Moldoveanu Peak,2544,8346,no range specified,Romania
Mount Vineuo,2536,8320,no range specified,Papua New Guinea
Negoiu Peak,2535,8317,no range specified,Romania
Vistea Mare,2527,8291,no range specified,Romania
Pidurutalagala,2524,8281,no range specified,Sri Lanka
Mount Norquay,2522,8274,no range specified,Canadian Rockies  Canada
Hualalai,2521,8271,no range specified,Hawaii  US
Mount Yesenin,2520,8268,no range specified,Antarctica
Parangu Mare,2519,8264,no range specified,Romania
Mount Taranaki/Egmont,2518,8261,no range specified,New Zealand
Garfield Peak,2512,8241,no range specified,Wyoming  US
Mount Joern,2510,8235,no range specified,Antarctica
Mount Veniaminof,2507,8225,no range specified,Alaska  US
Omu Peak,2505,8219,no range specified,Romania
Rysy,2503,8212,no range specified,Tatras  Poland
Mount,2497,8192,no range specified,Pindus  Greece
Monte Velino,2487,8159,no range specified,Abruzzo
Monte Vettore,2476,8123,no range specified,Abruzzo
Špik,2472,8110,no range specified,Julian Alps  Slovenia
Luna Peak,2470,8104,no range specified,British Columbia  Canada
Galdhøpiggen,2469,8100,no range specified,Norway
Kanlaon,2465,8087,no range specified,Negros Occidental
Glittertind,2464,8084,no range specified,Norway
El Capitan,2464,8084,no range specified,Texas  US
Shimbiris,2464,8084,no range specified,Somalia
Mayon,2463,8081,no range specified,Albay 
Monte Gorzano,2458,8064,no range specified,Abruzzo
Mount Psiloritis,2456,8058,no range specified,Crete 
Mount Pachnes (Lefka Ori),2453,8048,no range specified,Crete 
Sulphur Mountain,2451,8041,no range specified,Canadian Rockies  Canada
Sunset Crater,2451,8041,no range specified,Arizona  US
Cima del Redentore (Sibillini Mountains),2448,8031,no range specified,Marche
Faraya Mzaar,2444,8018,no range specified,Keserwan  Lebanon
Triple Divide Peak,2444,8018,no range specified,Montana  US
Blackcomb Peak,2436,7992,no range specified,Whistler BC  Canada
Monte Binga,2436,7992,no range specified,Manica  Mozambique
Mount Olympus,2432,7979,no range specified,Washington  US
Peñalara,2430,7972,no range specified,Spain
Mesa de los Tres Reyes,2428,7966,no range specified,Navarre  Spain
Mount Daniel,2426,7959,no range specified,Washington  US
Mount Murud,2423,7949,no range specified,Kelabit Highlands  Sarawak  Malaysia
Mocho,2422,7946,no range specified,Los Ríos Region  Chile
Choshuenco,2415,7923,no range specified,Los Ríos Region  Chile
Ivis Peak,2414,7920,no range specified,Los Ríos Region  Chile
Ha Ling Peak,2408,7900,no range specified,Canadian Rockies  Alberta  Canada
Store Skagastølstind,2405,7890,no range specified,Norway
Hajla,2403,7884,no range specified,Kosovo
Le Tabor,2389,7838,no range specified,Dauphine Alps  France
Kirigalpottha,2388,7835,no range specified,Sri Lanka
Maglić,2386,7828,no range specified,Bosnia and Herzegovina
Emory Peak,2385,7825,no range specified,Texas  US
Mount Cayley,2385,7825,no range specified,British Columbia  Canada
Mount Galwey,2377,7799,no range specified,Canadian Rockies  Canada
Botev Peak,2376,7795,no range specified,Balkan Mountain  Bulgaria
Mount Mulu,2376,7795,no range specified,Gunung Mulu National Park  Sarawak  Malaysia
Mount Deception,2374,7789,no range specified,Washington  US
Mount Aix,2367,7766,no range specified,Washington  US
Mount Karthala,2361,7746,no range specified,Comoros  Indian Ocean
Totapala Kanda,2357,7733,no range specified,Sri Lanka
Signal Mountain,2353,7720,no range specified,Wyoming  US
Mount Pico,2351,7713,no range specified,Azores  Portugal
Grimming,2351,7713,no range specified,Styria  Austria
Monte Sirente,2347,7700,no range specified,Abruzzo
Mount Blum,2340,7677,no range specified,North Cascades
Mount Popomanaseu,2335,7661,no range specified,Guadalcanal  Solomon Islands
Monte Priora,2333,7654,no range specified,Marche
Mount Prophet,2330,7644,no range specified,North Cascades
Mount Griggs,2317,7602,no range specified,Alaska  US
Mount Makarakomburu,2310,7579,no range specified,Guadalcanal  Solomon Islands
Lalla Khedidja,2308,7572,no range specified,Djurdjura Mountains  Algeria
Lavender Peak,2306,7566,no range specified,British Columbia  Canada
Pietrosul Rodnei Peak,2303,7556,no range specified,Rodnei Mountains  Romanian Carpathian Mountains  Romania
Mount Sir Allan MacNab,2297,7536,no range specified,Premier Range  British Columbia  Canada
Murree,2291,7516,no range specified,Rawalpindi  Pakistan
Kozi Wierch,2291,7516,no range specified,Tatras  Poland
Cherni Vrah,2290,7513,no range specified,Vitosha Mountain  Bulgaria
Druesberg,2282,7487,no range specified,Alps  Switzerland
Ineu Peak,2279,7477,no range specified,Rodnei Mountains  Romanian Carpathian Mountains  Romania
Mount Huye,2278,7474,no range specified,Rwanda
Bikku Bitti,2267,7438,no range specified,Libya
Blue Mountains,2256,7402,no range specified,Jamaica
Mount Dietz,2250,7382,no range specified,Antarctica
Sri Pada Mountain,2243,7359,no range specified,Sri Lanka
Mount John Laurie,2240,7349,no range specified,Canadian Rockies  Alberta  Canada
Red Butte,2232,7323,no range specified,Arizona  US
Čvrsnica,2228,7310,no range specified,Herzegovina  BiH
Mount Kosciuszko,2228,7310,no range specified,Snowy Mountains  New South Wales  Australia
Camoghe,2228,7310,no range specified,Ticino  Switzerland
Commonwealth Mountain,2225,7300,no range specified,Nunavut  Canada
Mount Chiginagak,2221,7287,no range specified,Alaska  US
Monte Terminillo,2217,7274,no range specified,Lazio
Slavyanka,2212,7257,no range specified,Pirin Mountain  Bulgaria
Mount Oxford (Nunavut),2210,7251,no range specified,Nunavut  Canada
Mount Townsend,2209,7247,no range specified,Snowy Mountains  New South Wales  Australia
Black Elk Peak,2207,7241,no range specified,South Dakota  US
Golden Hinde,2198,7211,no range specified,#1 on Vancouver Island  British Columbia  Canada
Mount Twynam,2196,7205,no range specified,Snowy Mountains  New South Wales  Australia
Elkhorn Mountain,2195,7201,no range specified,Vancouver Island  British Columbia  Canada
Mount Baldy,2192,7192,no range specified,Alberta  Canada
Golyam Perelik,2191,7188,no range specified,Rhodope Mountain  Bulgaria
Shiprock,2188,7178,no range specified,New Mexico  US
Mount Tahan,2187,7175,no range specified,Tahan Range  Pahang  Malaysia
Mount Korbu,2183,7162,no range specified,Titiwangsa Mountains  Perak  Malaysia
Mount Yong Belar,2180,7152,no range specified,Perak  Malaysia
Doi Chiang Dao,2175,7136,no range specified,Thailand
Galunggung,2168,7113,no range specified,Java
Levski Peak,2166,7106,no range specified,Balkan Mountain  Bulgaria
Monte Cimone,2165,7103,no range specified,Emilia-Romagna
Mount Hua,2155,7070,no range specified,Shaanxi  China
Mount Ugo,2150,7054,no range specified,Cordillera Range  Benguet  Philippines
Mount Zulia,2149,7051,no range specified,Uganda
Carruthers Peak,2145,7037,no range specified,Snowy Mountains  New South Wales  Australia
Crna Glava,2139,7018,no range specified,Bjelasica  Crna Gora
Mount Colonel Foster,2135,7005,no range specified,Vancouver Island  British Columbia  Canada
Roche à Perdrix,2135,7005,no range specified,Fiddle Range  Canadian Rockies  Canada
Kodaikanal,2133,6998,no range specified,Tamil Nadu  India
Pilatus,2132,6995,no range specified,Switzerland
Strmenica,2122,6962,no range specified,Bjelasica  Crna Gora
Phu Soi Dao,2120,6955,no range specified,Thailand
Eagle Peak,2119,6952,no range specified,Alaska  US
Zekova Glava,2117,6946,no range specified,Bjelasica  Crna Gora
Öræfajökull,2110,6923,no range specified,Iceland
Mount Benum,2107,6913,no range specified,Malaysia
Mogotón,2107,6913,no range specified,Nicaragua
Kebnekaise,2106,6909,no range specified,Sweden
Rambler Peak,2092,6864,no range specified,Vancouver Island  British Columbia  Canada
Mount McBride,2083,6834,no range specified,Vancouver Island  British Columbia  Canada
Pico do Selado,2082,6831,no range specified,Monte Verde  Minas Gerais  Brazil
Phou Khe,2079,6821,no range specified,Thailand
Schneeberg,2076,6811,no range specified,Northern Limestone Alps  Austria
Mount Tate,2068,6785,no range specified,Snowy Mountains  New South Wales  Australia
Bjelašnica,2067,6781,no range specified,Sarajevo Canton  Bosnia and Herzegovina
Kings Peak,2065,6775,no range specified,Vancouver Island  British Columbia  Canada
Hoverla,2061,6762,no range specified,Ukraine
Monte Miletto,2050,6726,no range specified,Molise
Lytton Mountain,2049,6722,no range specified,British Columbia  Canada
Mount Katmai,2047,6716,no range specified,Alaska  US
Mount Dimlang,2042,6699,no range specified,Adamawa  Nigeria
Mount Celeste,2041,6696,no range specified,Vancouver Island  British Columbia  Canada
Mount Mitchell,2037,6683,no range specified,Yancey County  North Carolina  US - the highest peak of the Appalachian Mountains and the highest peak in mainland eastern North America
Namunukula,2035,6677,no range specified,Sri Lanka
Pico do Barbado,2033,6670,no range specified,Bahia  Brazil
Mount Batu Brinchang,2032,6667,no range specified,Cameron Highlands  Pahang
Doi Mae Tho,2031,6663,no range specified,Thailand
Clingmans Dome,2025,6644,no range specified,Great Smoky Mountains  Tennessee  US
Mount Heng (Shanxi),2017,6617,no range specified,Shanxi  China
Kopaonik,2017,6617,no range specified,Pančić's Peak  Serbia
Alpe di Succiso,2017,6617,no range specified,Province of Reggio Emilia
Kom,2016,6614,no range specified,Balkan Mountain  Bulgaria
Polar Bear Peak,2016,6614,no range specified,Chugach Mountains  Alaska  US
Mount Asgard,2015,6611,no range specified,Baffin Mountains  Nunavut  Canada
Mount Le Conte,2010,6594,no range specified,Great Smoky Mountains  Tennessee  US
Serra da Estrela,1993,6539,no range specified,Portugal
Mount Bogong,1986,6516,no range specified,Australia
Mount Ishizuchi,1982,6503,no range specified,Japan
Doi Phu Kha,1980,6496,no range specified,Luang Prabang Range  Thailand
Pizzo Carbonara,1979,6493,no range specified,Province of Palermo
Topo de Coroa,1979,6493,no range specified,Cape Verde
Mount Tongariro,1978,6490,no range specified,New Zealand
Iceberg Peak,1977,6486,no range specified,Vancouver Island  British Columbia  Canada
Pico Turquino,1975,6480,no range specified,Cuba
El Piveto Mountain,1969,6460,no range specified,Vancouver Island  British Columbia  Canada
Qiajivik Mountain,1963,6440,no range specified,Baffin Island  Nunavut  Canada
Monte Tamaro,1962,6437,no range specified,Ticino  Switzerland
Farcau Peak,1956,6417,no range specified,Romania
Montalto (Aspromonte),1955,6414,no range specified,Calabria
Ciucas Peak,1954,6411,no range specified,Romania
Chionistra,1952,6404,no range specified,Cyprus
Hallasan,1950,6398,no range specified,Jejudo  South Korea
Jabal Bil Ays,1934,6345,no range specified,Oman
Mullayanagiri,1930,6332,no range specified,Chikmagalur  Karnataka  India
Helvetia Tinde,1929,6329,no range specified,Roosevelt Range
Botte Donato,1928,6325,no range specified,Sila Mountains  Calabria  Italy
Mount Kirigamine,1925,6316,no range specified,Japan
Mount Washington,1917,6289,no range specified,Presidential Range 
Mount Siku,1915,6283,no range specified,Pahang  Malaysia
Mount Jiri,1915,6283,no range specified,South Korea
Troglav,1913,6276,no range specified,Highest peak of mountain
Mont Ventoux,1909,6263,no range specified,France
Ocolasu Mare,1907,6257,no range specified,Romania
Mount Toaca,1900,6234,no range specified,Romania
Vesper Peak,1896,6220,no range specified,Washington  US
Baba Budangiri,1895,6217,no range specified,Chikmagalur  Karnataka  India
Mount Narodnaya,1895,6217,no range specified,Subpolar
Kudremukh,1894,6214,no range specified,Chikmagalur  Karnataka  India
Orjen,1894,6214,no range specified,Montenegro  Bosnia and Herzegovina
Iskhodnaya,1887,6191,no range specified,Russia
Mount George V,1883,6178,no range specified,Vancouver Island  British Columbia  Canada
Rugged Mountain,1875,6152,no range specified,Vancouver Island  British Columbia  Canada
Agastya Mala,1868,6129,no range specified,Tamil Nadu
Trident Volcano,1864,6115,no range specified,Alaska  US
Mount Martin,1863,6112,no range specified,Alaska  US
Knuckles,1862,6109,no range specified,Sri Lanka
Pico Ruivo,1861,6106,no range specified,Madeira  Portugal
Budacu,1859,6099,no range specified,Romania
Giumalau,1856,6089,no range specified,Romania
Pico das Torres,1853,6079,no range specified,Madeira  Portugal
Mont Ross,1850,6070,no range specified,Gallieni Massif  Kerguelen Islands
Cucurbata Mare,1849,6066,no range specified,Romania
Monte Soro,1847,6060,no range specified,Province of Messina
Mount Ulap,1846,6056,no range specified,Itogon  Benguet  Philippines
Crown Mountain,1846,6056,no range specified,Vancouver Island  British Columbia  Canada
Tibles,1839,6033,no range specified,Romania
Loser,1838,6030,no range specified,Austria
Vladeasa,1836,6024,no range specified,Romania
Punta La Marmora,1834,6017,no range specified,Sardinia
Sinjal,1831,6007,no range specified,Mountain
Cerro La Campana,1828,5997,no range specified,Olmue  Chile
Gora Nevskaya,1828,5997,no range specified,Magadan Oblast  Russia
Muntele Mare,1826,5991,no range specified,Romania
Cerro de la Silla,1820,5971,no range specified,Mexico
Pico do Arieiro,1818,5965,no range specified,Madeira  Portugal
Biligiriranga Hills,1800,5906,no range specified,Chamarajanagar  Karnataka  India
Monte Maggiorasca,1799,5902,no range specified,liguria
Rigi,1797,5896,no range specified,Swiss Alps
Hășmașu Mare,1792,5879,no range specified,Romania
Pietrosu Peak,1791,5876,no range specified,Romania
Goru,1784,5853,no range specified,Romania
Blokhin Peak,1779,5837,no range specified,Chukotka 
Velliangiri Mountains,1778,5833,no range specified,Coimbatore  Tamil Nadu  India
Lacaut,1777,5830,no range specified,Romania
Saca Peak,1776,5827,no range specified,Romania
Penteleu,1772,5814,no range specified,Romania
Mount Veve,1768,5801,no range specified,Kolombangara  Solomon Islands
Mount Adams,1766,5794,no range specified,New Hampshire  US
Monte Gariglione,1764,5787,no range specified,Sila Mountains  Calabria  Italy
Sveti Jure (Saint George),1762,5781,no range specified,Mountain
Pik Sovetskoy Gvardii,1759,5771,no range specified,Chukotka 
Vaganski vrh,1757,5764,no range specified,Mountain
Mount Api,1750,5741,no range specified,Gunung Mulu National Park  Sarawak  Malaysia
Lovćen,1749,5738,no range specified,Montenegro
Tadiandamol,1748,5735,no range specified,Kodagu  Karnataka  India
Mount Rogers,1746,5728,no range specified,Virginia  US
Doi Phi Pan Nam,1745,5725,no range specified,Luang Prabang Range  Thailand
Mount Wilson,1742,5715,no range specified,California  US
Mount Jefferson,1741,5712,no range specified,New Hampshire  US
Monte Amiata,1738,5702,no range specified,Province of Grosseto
Daisen,1729,5673,no range specified,Japan
The Horn (Mount Buffalo),1723,5653,no range specified,Victoria  Australia
Mount Batur,1717,5633,no range specified,Bali  Indonesia
Kumara Parvata,1712,5617,no range specified,Dakshina Kannada  Karnataka  India
Pushpagiri,1712,5617,no range specified,Pushpagiri Wildlife Sanctuary  Karnataka  India
Mount Lowe,1707,5600,no range specified,San Gabriel Mountains  California  US
Boulder Peak,1707,5600,no range specified,Olympic Mountains  Washington  US
Doi Luang,1694,5558,no range specified,Thailand
Mitre Peak,1692,5551,no range specified,New Zealand
Arma Konda,1680,5512,no range specified,India
Deomali,1672,5486,no range specified,India
Mount Caubvik,1652,5420,no range specified,Torngat Mountains  Canada
Kalsubai,1646,5400,no range specified,India
Rarau,1650,5413,no range specified,Romania
Peak 5390,1643,5390,no range specified,Alaska  US
Yamantau,1640,5381,no range specified,Southern Urals  Russia
Mount Monroe,1637,5371,no range specified,New Hampshire  US
Mount Madison,1636,5367,no range specified,New Hampshire  US
Mount Krebs,1630,5348,no range specified,Antarctica
Mount Marcy,1629,5344,no range specified,New York  US
Trebević,1627,5338,no range specified,Bosnia and Herzegovina
Mount Bartle Frere,1622,5322,no range specified,Queensland  Australia
Rocca Busambra,1613,5292,no range specified,Province of Palermo
Velky Rozsutec,1610,5282,no range specified,Mala Fatra  Slovakia
Brahmagiri,1608,5276,no range specified,Kodagu  Karnataka  India
Mount Katahdin,1606,5269,no range specified,Maine  US
Sněžka,1602,5256,no range specified,Krkonoše  Czech Republic
Sirumalai,1600,5249,no range specified,Tamil Nadu India
Mount Lafayette,1600,5249,no range specified,New Hampshire  US
Mount Washington (British Columbia),1590,5217,no range specified,Vancouver Island  British Columbia  Canada
Mount Benarat,1585,5200,no range specified,Gunung Mulu National Park  Sarawak  Malaysia
Wai'ale'ale,1569,5148,no range specified,Kauai  Hawaii  US
Salher,1567,5141,no range specified,Maharashtra  India
Cirque Mountain,1567,5141,no range specified,Labrador  Canada
Algonquin Peak,1559,5115,no range specified,New York  US
Mount Lincoln,1551,5089,no range specified,New Hampshire  US
Superstition Mountain,1542,5059,no range specified,Arizona  US
Mount Tai,1532,5026,no range specified,Shandong  China
Jabel Yibir,1527,5010,no range specified,United Arab Emirates
Madikeri,1525,5003,no range specified,Kodagu  Karnataka  India
Mount Popa,1518,4980,no range specified,Myanmar
Askja,1516,4974,no range specified,Iceland
Monte Boglia,1516,4974,no range specified,Ticino  Switzerland
Kamakau,1512,4961,no range specified,Molokai  Hawaii  US
Song Shan,1512,4961,no range specified,Henan  China
Pico de Malpaso,1501,4925,no range specified,Canary Islands  Spain
Javaleon,1494,4902,no range specified,Spain
Mount Nuang,1491,4892,no range specified,Titiwangsa Mountains  Malaysia
Hekla,1491,4892,no range specified,Iceland
Mount Pinatubo,1486,4875,no range specified,Luzon  Philippines
Spruce Knob,1482,4862,no range specified,West Virginia  US
Lyaskovets Peak,1473,4833,no range specified,Antarctica
Mount Olympus,1471,4826,no range specified,Tasmania  Australia
Agriolefkes,1471,4826,no range specified,Pelion  Greece
La Grande Soufrière,1467,4813,no range specified,Guadeloupe  France
Monte Penice,1460,4790,no range specified,Lombardy
Mount Seymour,1455,4774,no range specified,British Columbia  Canada
Himavad Gopalaswamy Betta,1450,4757,no range specified,Chamarajanagar  Karnataka  India
Snæfellsjökull,1446,4744,no range specified,Iceland
Gutai Peak,1443,4734,no range specified,Romania
Mount Kalourat,1435,4708,no range specified,Malaita  Solomon Islands
Mount Woodroffe,1435,4708,no range specified,South Australia
Cypress Mountain,1432,4698,no range specified,British Columbia  Canada
Taramati,1431,4695,no range specified,Maharashtra  India
Harishchandragad,1427,4682,no range specified,Maharashtra  India
Tukgahgo Mountain,1425,4675,no range specified,Alaska  US
Raireshwar,1398,4587,no range specified,Maharashtra  India
Taburno Camposauro,1393,4570,no range specified,Campania
Parasnath,1366,4482,no range specified,India
Dhupgarh,1350,4429,no range specified,India
Ben Nevis,1345,4413,no range specified,Scotland  United Kingdom
Kodachadri,1343,4406,no range specified,Shimoga  Karnataka  India
Mount Jiuhua,1342,4403,no range specified,Anhui  China
Mount Aniakchak,1341,4400,no range specified,Alaska  US
Mount Mansfield,1339,4393,no range specified,Green Mountains  Vermont  US
Cerro de Punta,1338,4390,no range specified,Jayuya  Puerto Rico
Mount Bassie,1311,4301,no range specified,Alaska  US
Ben Macdui,1309,4295,no range specified,Scotland  United Kingdom
Mount Kanaga,1307,4288,no range specified,Alaska  US
Sinhagad,1303,4275,no range specified,Maharashtra  India
Mount Heng (Hunan),1300,4265,no range specified,Hunan  China
Braeriach,1296,4252,no range specified,Scotland  United Kingdom
Rajabasa,1281,4203,no range specified,Sumatra  Indonesia
Mount Vesuvius,1281,4203,no range specified,Italy
Mount Ophir,1276,4186,no range specified,Titiwangsa Mountains  Johor  Malaysia
Bailadila,1276,4186,no range specified,India
Mount Wellington,1271,4170,no range specified,Tasmania  Australia
Mount Si,1270,4167,no range specified,Washington  US
Mount Qingcheng,1260,4134,no range specified,Sichuan  China
Detunata,1258,4127,no range specified,Romania
Mount Donna Buang,1250,4101,no range specified,Victoria  Australia
Kīlauea,1247,4091,no range specified,Hawaii 
Camel's Hump,1244,4081,no range specified,Vermont  US
Cannon Mountain,1240,4068,no range specified,New Hampshire  US
The Priest,1238,4062,no range specified,Blue Ridge Mountains  Virginia  US
Aonach Beag,1234,4049,no range specified,Scotland  United Kingdom
Grouse Mountain,1231,4039,no range specified,British Columbia  Canada
Kaʻala,1220,4003,no range specified,Oahu  Hawaii  US
Mount Jerai,1217,3993,no range specified,Titiwangsa Mountains  Kedah  Malaysia
Mount Meron,1208,3963,no range specified,Galilee  Israel
Mount Fromme,1185,3888,no range specified,British Columbia  Canada
Doi Ian,1174,3852,no range specified,Phi Pan Nam Range  Thailand
Mount Diablo,1173,3848,no range specified,California  US
Mount Hombori,1155,3789,no range specified,Mali
Lochnagar,1155,3789,no range specified,Scotland
Bidean nam Bian,1150,3773,no range specified,Scotland
Monte Musinè,1150,3773,no range specified,Piedmont  Italy
Brocken,1141,3743,no range specified,Saxony-Anhalt  Germany
Victoria Peak,1120,3675,no range specified,Belize
Gora Sovetskaya,1096,3596,no range specified,Wrangel Island  Chukotka
Kayser Mountain,1094,3589,no range specified,Greenland  Denmark
Mount Juneau,1090,3576,no range specified,Alaska  US
Snowdon,1085,3560,no range specified,Gwynedd  Wales  United Kingdom
Tafelberg,1085,3560,no range specified,South Africa
Flattop Mountain,1070,3510,no range specified,Alaska  US
Uummannaq,1070,3510,no range specified,Greenland
White Butte,1069,3507,no range specified,North Dakota  US
Hogback Mountain,1059,3474,no range specified,Virginia  US
Liathach,1055,3461,no range specified,Torridon  Scotland
Saka Haphong,1052,3451,no range specified,Bandarban  Bangladesh
Cambirela,1043,3422,no range specified,Palhoça  Brazil
Corrán Tuathail,1038,3406,no range specified,County Kerry  Ireland
Mount Ramon,1037,3402,no range specified,Negev  Israel
Girnar,1031,3383,no range specified,
Mount Zagora,1030,3379,no range specified,Morocco
Buachaille Etive Mor,1022,3353,no range specified,Glen Etive  Scotland
Munboksan,1015,3330,no range specified,South Korea
Kékes,1014,3327,no range specified,Hungary
Mount Belumut,1010,3314,no range specified,Johor  Malaysia
Old Rag Mountain,1001,3284,no range specified,Virginia  US
Magura Priei,996,3268,no range specified,Romania
Sgurr Dearg,986,3235,no range specified,Scotland
Mount Sizer,980,3215,no range specified,US 
Mount Valin,980,3215,no range specified,Canada 
Hyangnosan,979,3212,no range specified,Gyeongnam Province  South Korea
Scafell Pike,978,3209,no range specified,England 
Mount Edgecumbe,976,3202,no range specified,US 
Grand Bonhomme,973,3192,no range specified,Saint Vincent and the Grenadines
North Mountain (Catskills),969,3179,no range specified,US 
Doli Gutta,965,3166,no range specified,India
Mount Monadnock,965,3166,no range specified,US 
Mount Pirongia,959,3146,no range specified,New Zealand
Tai Mo Shan,957,3140,no range specified,Hong Kong
Chimneytop,950.1,3117,no range specified,Tennessee  US
Helvellyn,950,3117,no range specified,England 
Mount Gimie,950,3117,no range specified,Saint Lucia
El Cerro del Aripo,940,3084,no range specified,Trinidad and Tobago
El Tucuche,936,3071,no range specified,Trinidad and Tobago
Lantau Peak,934,3064,no range specified,Hong Kong
Betlingchhip,930,3051,no range specified,India
Kaimondake volcano,924,3031,no range specified,Kagoshima  Japan
San Salvatore,912,2992,no range specified,Ticino  Switzerland
Pantokrator,906,2972,no range specified,Greece 
Edinburgh Peak,904,2966,no range specified,Tristan Da Cunha  UK
Cadair Idris,893,2930,no range specified,Wales
Pen y Fan,886,2907,no range specified,Wales
Baekunsan,885,2904,no range specified,Ulsan  South Korea
Mount Gerizim,881,2890,no range specified,West Bank
Sunset Peak,869,2851,no range specified,Hong Kong
Mahuli,858,2815,no range specified,Thane District  Maharashtra  India
Mount Taylor,856,2808,no range specified,Canberra  Australia
Slieve Donard,856,2808,no range specified,County Down  Northern Ireland
Tinakula,851,2792,no range specified,Solomon Islands
Muntele Cetatuia,850,2789,no range specified,Romania
Mount Saint Catherine,840,2756,no range specified,Grenada
Mount Magazine,839,2753,no range specified,Arkansas  US
Hoemunsan,837,2746,no range specified,North Jeolla Province  South Korea
Bukhansan,836.5,2744,no range specified,Seoul  South Korea
Drocea,836,2743,no range specified,Romania
Piton de la Petite Rivière Noire,828,2717,no range specified,Black River Mountain Range  Mauritius
Pieter Both (mountain),820,2690,no range specified,Mauritius
Mount Carleton,817,2680,no range specified,Canada 
The Cheviot,815,2674,no range specified,England 
Le Pouce,811,2661,no range specified,Mauritius
Mount Santubong,810,2657,no range specified,Malaysia 
Gros Morne,807,2648,no range specified,Canada 
Clisham,799,2621,no range specified,Harris  Western Isles  Scotland
Mount Tamalpais,792,2598,no range specified,US 
Mission Peak,790,2592,no range specified,US 
Gyemyeongsan,774,2539,no range specified,North Chungcheong Province  South Korea
Mount Boucherie,758,2487,no range specified,Canada 
Daeunsan,742,2434,no range specified,South Korea
Mount Dobong,740,2428,no range specified,South Korea
Mount Lofty,727,2385,no range specified,South Australia
Ben Cleuch,721,2365,no range specified,Scotland
Corps de Garde,720,2362,no range specified,Mauritius
Gaseopsan,710,2329,no range specified,North Chungcheong Province  South Korea
Mount Dick,705,2313,no range specified,Auckland Islands 
Piton Savanne,704,2310,no range specified,Mauritius
Pu,698,2290,no range specified,US 
Signal de Botrange,694,2277,no range specified,Belgium 
Ishpatina Ridge,690,2264,no range specified,Canada 
Curepipe Point,686,2251,no range specified,Mauritius
Galgisan,685,2247,no range specified,Gyeonggi Province and Gangwon Province  South Korea
Delphi,681,2234,no range specified,Greece 
Qalorujoorneq,676,2218,no range specified,Greenland
Lion's Head,669,2195,no range specified,Cape Town  South Africa
Les Trois Mamelles,666,2185,no range specified,Mauritius
Steling,658,2159,no range specified,Belgium
Maple Mountain,642,2106,no range specified,Canada 
Mountain Lagrave,638,2093,no range specified,Mauritius
Kinder Scout,636,2087,no range specified,Peak District  England
Masaya Volcano,635,2083,no range specified,Nicaragua
Calebasses Mountain,632,2073,no range specified,Mauritius
Mount D'Urville,630,2067,no range specified,Auckland Islands 
Moel Eilio,629,2064,no range specified,Snowdonia  Wales
High Willhays,621,2037,no range specified,England 
Snaefell,621,2037,no range specified,Isle of Man  British Isles
Beinn Mhòr,620,2034,no range specified,South Uist  United Kingdom
Munsusan (Ulsan),600,1969,no range specified,Ulsan  South Korea
Mount Takao,599,1965,no range specified,Tokyo  Japan
Piton de Fouge,596,1955,no range specified,Mauritius
Sikjangsan,596,1955,no range specified,Daejeon  South Korea
Forbordsfjellet,590,1936,no range specified,Nord-Trøndelag  Norway
Piton du Millieu,589,1932,no range specified,Mauritius
Gwanggyosan,582,1909,no range specified,Gyeonggi Province  South Korea
Mount Pond,576,1890,no range specified,South Shetland Islands
Mount Tabor,575,1886,no range specified,Galilee  Israel
Monte Conero,572,1877,no range specified,Italy 
Gyeryongsan,566,1857,no range specified,South Gyeongsang Province  South Korea
Mount Honey,558,1831,no range specified,Campbell Islands 
Le Morne Brabant,555,1821,no range specified,Mauritius
Tourelle du Tamarin,548,1798,no range specified,Mauritius
Rempart Mountain,545,1788,no range specified,Mauritius
Palasip Qaqqaa,544,1785,no range specified,Qeqqata  Greenland
Namamsan,543,1781,no range specified,Ulsan  South Korea
Taum Sauk Mountain,540,1772,no range specified,Missouri  US
Great Mell Fell,537,1762,no range specified,England 
Geomdansan (Seongnam),534.7,1754,no range specified,Gyeonggi Province  South Korea
Mountain Blanche,532,1745,no range specified,Mauritius
Yeonhwasan,532,1745,no range specified,Ulsan  South Korea
Heukseongsan,519,1703,no range specified,North Chungcheong Province  South Korea
Avala,511,1677,no range specified,Serbia
Mountain La Terre,504,1654,no range specified,Mauritius
Lion Mountain,480,1575,no range specified,Mauritius
Little Si,480,1575,no range specified,Washington  US
Mount Ramsay,475,1558,no range specified,Antarctica
Tutuiatu Peak,467,1532,no range specified,Romania
Mount Keira,462,1516,no range specified,New South Wales  Australia - near the city of
Pu'u Moaulanui,452,1483,no range specified,Kahoolawe  Hawaii
Blue Mountain,452,1483,no range specified,Ontario  Canada
Muryongsan (Ulsan),452,1483,no range specified,Ulsan  South Korea
Achladokambos,450,1476,no range specified,Achadokambos  Greece
Dongdaesan (Ulsan),447,1467,no range specified,Ulsan  South Korea
Diamond Hill,442,1450,no range specified,Ireland
Gibraltar,426,1398,no range specified,Gibraltar
Pic Paradis,424,1391,no range specified,Saint Martin
Havsula,415,1362,no range specified,Svalbard  Norway
Storm King Mountain,408,1339,no range specified,US 
Gyeyangsan,395,1296,no range specified,Incheon  South Korea
Mount Galloway,366,1201,no range specified,Antipode Islands  New Zealand
Pawala Valley Ridge,347,1138,no range specified,Pitcairn Islands
Loughrigg Fell,335,1099,no range specified,England 
Mount Kinka (Gifu),329,1079,no range specified,Gifu  Japan
Vaalserberg,321,1053,no range specified,Netherlands 
Mount Bates,319,1047,no range specified,{{{4}}}
Suur Munamägi,318,1043,no range specified,Haanja  Estonia
Gaiziņkalns,312,1024,no range specified,Latvia
Mutla Ridge,306,1004,no range specified,Kuwait
Aukštojas,293.84,964,no range specified,Medininkai  Lithuania
Kruopinė,293.65,963,no range specified,Vilnius  Lithuania
Juozapinė,292.7,960,no range specified,Vilnius  Lithuania
Morne du Vitet,286,938,no range specified,Saint Barthélemy
Qixia Mountain,286,938,no range specified,Nanjing  China
Hwajangsan,285,935,no range specified,Ulsan  South Korea
Potolaka/Putuo Shan,284,932,no range specified,Zhejiang  China
Westmacott,253,830,no range specified,New South Wales  Australia
Jerimoth Hill,247,810,no range specified,Rhode Island  US
Mount Ngerchelchuus,242,794,no range specified,Babeldaob 
Diamond Head,232,761,no range specified,US 
Yeomposan,203,666,no range specified,Ulsan  South Korea
Hamwolsan,200,656,no range specified,Ulsan  South Korea
Great Blue Hill,193.5,635,no range specified,Massachusetts  US
Alto de Coloane,170,558,no range specified,Macau
Bukit Timah Hill,164,538,no range specified,Singapore
Himmelbjerget,147,482,no range specified,Silkeborg 
Les Platons,143,469,no range specified,Jersey 
Aborrebjerg,143,469,no range specified,Møn 
Māngere Mountain,107,351,no range specified,New Zealand
Britton Hill,105,344,no range specified,Florida  US
Qurayn Abu al Bawl,103,338,no range specified,Qatar
Command Ridge,71,233,no range specified,Nauru
Mount Wycheproof,43,141,no range specified,Victoria  Australia
Hoge Blekker,35,115,no range specified,West Flanders  Belgium
Bentenyama,6.1,20,no range specified,Tokushima  Tokushima Prefecture  Japan
Mount Pleasant,5,16,no range specified,Texas  US
Mount Tenpō,4.53,15,no range specified,Osaka  Japan
Tianzhong Mountain,3.6,12,no range specified,Henan Province  China
Mount Hiroyama,3,10,no range specified,Sendai  Japan
Jing Mountain,0.6,2,no range specified,Shandong Province  China
